latitude,longitude,brightness,scan,track,acq_date,acq_time,satellite,instrument,confidence,version,bright_t31,frp,daynight,type
-25.5438,152.0603,316,1.9,1.3,2009-02-07,30,Terra,MODIS,66,6.2,296,21.9,D,0
-25.5418,152.0417,316.1,1.9,1.3,2009-02-07,30,Terra,MODIS,66,6.2,297.3,22.1,D,0
-25.1542,146.9124,324.7,1,1,2009-02-07,30,Terra,MODIS,53,6.2,311.7,8.8,D,0
-25.0707,148.0306,321.1,1.1,1,2009-02-07,30,Terra,MODIS,66,6.2,304.9,11.5,D,0
-26.1716,150.7227,323.6,1.5,1.2,2009-02-07,30,Terra,MODIS,72,6.2,299.9,26.4,D,0
-26.1699,150.7073,320.3,1.5,1.2,2009-02-07,30,Terra,MODIS,63,6.2,297.9,19.7,D,0
-26.1693,150.7133,325.1,1.5,1.2,2009-02-07,30,Terra,MODIS,75,6.2,296.7,28.1,D,0
-25.6999,146.9966,325.7,1,1,2009-02-07,30,Terra,MODIS,62,6.2,313.2,10.1,D,0
-25.8417,147.2327,330.2,1,1,2009-02-07,30,Terra,MODIS,72,6.2,309.3,16.5,D,0
-26.7882,148.069,338.5,1.1,1.1,2009-02-07,31,Terra,MODIS,83,6.2,315.1,27.4,D,0
-26.751,149.6454,336.2,1.3,1.1,2009-02-07,31,Terra,MODIS,78,6.2,313.9,32,D,0
-26.7614,149.644,339.9,1.3,1.1,2009-02-07,31,Terra,MODIS,86,6.2,309.6,43.3,D,0
-26.2661,146.6498,328.6,1,1,2009-02-07,31,Terra,MODIS,45,6.2,314.5,8.5,D,0
-26.2646,146.6397,330.2,1,1,2009-02-07,31,Terra,MODIS,56,6.2,315.2,10.8,D,0
-29.0671,148.0812,331.6,1.2,1.1,2009-02-07,31,Terra,MODIS,70,6.2,314.7,16,D,0
-27.8853,147.6816,333.1,1.1,1.1,2009-02-07,31,Terra,MODIS,74,6.2,314.2,17.4,D,0
-32.7532,150.5973,324.1,1.8,1.3,2009-02-07,32,Terra,MODIS,64,6.2,301.6,35.5,D,0
-32.7513,150.5772,330.4,1.8,1.3,2009-02-07,32,Terra,MODIS,76,6.2,301.4,54,D,0
-36.9894,149.7118,330,1.8,1.3,2009-02-07,33,Terra,MODIS,80,6.2,304.5,49,D,0
-36.9755,149.6931,330,1.8,1.3,2009-02-07,33,Terra,MODIS,80,6.2,305.4,45.6,D,0
-36.9773,149.7134,328.3,1.8,1.3,2009-02-07,33,Terra,MODIS,78,6.2,305.1,42.9,D,0
-36.9876,149.6919,337.3,1.8,1.3,2009-02-07,33,Terra,MODIS,86,6.2,305.7,70.8,D,0
-18.4173,124.7684,317.3,1.1,1,2009-02-07,207,Terra,MODIS,56,6.2,296.9,6.4,D,0
-23.3488,128.9047,336.2,2.3,1.5,2009-02-07,208,Terra,MODIS,79,6.2,309.9,48.4,D,0
-19.0976,121.5519,327,1,1,2009-02-07,208,Terra,MODIS,38,6.2,304.1,13.4,D,0
-22.3896,129.302,334.5,2.3,1.5,2009-02-07,208,Terra,MODIS,58,6.2,310.5,51.2,D,0
-27.5113,125.2209,336.4,1.4,1.2,2009-02-07,210,Terra,MODIS,80,6.2,306.1,33.9,D,0
-27.5076,127.4201,330,2,1.4,2009-02-07,210,Terra,MODIS,54,6.2,310.6,25,D,0
-27.5129,125.2355,335.3,1.4,1.2,2009-02-07,210,Terra,MODIS,78,6.2,307.2,31.2,D,0
-27.522,125.2194,347.5,1.4,1.2,2009-02-07,210,Terra,MODIS,91,6.2,306.7,65,D,0
-27.5237,125.234,362.7,1.4,1.2,2009-02-07,210,Terra,MODIS,100,6.2,310,128.2,D,0
-27.5344,125.2325,340.9,1.4,1.2,2009-02-07,210,Terra,MODIS,85,6.2,308.4,42,D,0
-30.8641,121.4942,322.7,1,1,2009-02-07,211,Terra,MODIS,62,6.2,307.8,7.4,D,2
-36.9904,149.7038,335.6,4.5,2,2009-02-07,313,Aqua,MODIS,78,6.2,302.6,225.2,D,0
-37.0101,149.6503,326,4.6,2,2009-02-07,313,Aqua,MODIS,55,6.2,303.6,119.8,D,0
-36.9913,149.697,340.5,4.5,2,2009-02-07,313,Aqua,MODIS,90,6.2,302.6,291.8,D,0
-36.9754,149.6916,328.4,4.5,2,2009-02-07,313,Aqua,MODIS,75,6.2,303.1,132.9,D,0
-36.9922,149.6486,328.9,4.6,2,2009-02-07,313,Aqua,MODIS,57,6.2,304.4,140.6,D,0
-36.9934,149.641,325,4.6,2,2009-02-07,313,Aqua,MODIS,16,6.2,304.6,97.7,D,0
-32.7542,150.5655,326.3,3.7,1.8,2009-02-07,314,Aqua,MODIS,71,6.2,300.8,109.4,D,0
-29.6885,151.1489,324.6,3.1,1.7,2009-02-07,315,Aqua,MODIS,66,6.2,310.9,26.7,D,0
-29.691,151.1151,336.3,3.1,1.7,2009-02-07,315,Aqua,MODIS,85,6.2,312.5,105.7,D,0
-32.031,151.8143,322.8,3,1.6,2009-02-07,315,Aqua,MODIS,41,6.2,307.5,42.8,D,0
-32.0327,151.8098,323.1,3,1.6,2009-02-07,315,Aqua,MODIS,36,6.2,308.2,43,D,0
-25.9443,151.4759,320.4,2.7,1.6,2009-02-07,316,Aqua,MODIS,67,6.2,299.4,44.4,D,0
-37.3583,145.0279,369.1,1.8,1.3,2009-02-07,451,Aqua,MODIS,100,6.2,300.9,216.1,D,0
-37.3542,145.0477,412.7,1.8,1.3,2009-02-07,451,Aqua,MODIS,100,6.2,321.2,763,D,0
-37.3785,144.9908,333.2,1.8,1.3,2009-02-07,451,Aqua,MODIS,80,6.2,309.2,22.4,D,0
-37.3743,145.0112,339.6,1.8,1.3,2009-02-07,451,Aqua,MODIS,86,6.2,309.1,45.7,D,0
-37.3389,145.0378,354.8,1.8,1.3,2009-02-07,451,Aqua,MODIS,91,6.2,288.6,122.1,D,0
-37.343,145.0176,351.9,1.8,1.3,2009-02-07,451,Aqua,MODIS,90,6.2,297.6,104.9,D,0
-37.3471,144.997,334,1.8,1.3,2009-02-07,451,Aqua,MODIS,81,6.2,305.2,26.9,D,0
-37.3312,145.0138,387.2,1.8,1.3,2009-02-07,451,Aqua,MODIS,87,6.2,305.3,391.5,D,0
-37.3354,144.9933,339.3,1.8,1.3,2009-02-07,451,Aqua,MODIS,86,6.2,306.1,45.6,D,0
-37.3195,145.0099,419.9,1.8,1.3,2009-02-07,451,Aqua,MODIS,87,6.2,315.9,896.4,D,0
-37.3238,144.9892,357.6,1.8,1.3,2009-02-07,451,Aqua,MODIS,98,6.2,311.4,139.4,D,0
-37.3701,145.0316,405.2,1.8,1.3,2009-02-07,451,Aqua,MODIS,100,6.2,317.4,633.2,D,0
-37.3078,145.0061,403.1,1.8,1.3,2009-02-07,451,Aqua,MODIS,87,6.2,315.1,606.4,D,0
-37.312,144.9855,346.8,1.8,1.3,2009-02-07,451,Aqua,MODIS,87,6.2,299.9,83.5,D,0
-37.2876,145.0434,339.5,1.8,1.3,2009-02-07,451,Aqua,MODIS,81,6.2,308.7,46.8,D,0
-37.2919,145.0225,353,1.8,1.3,2009-02-07,451,Aqua,MODIS,83,6.2,303.9,117.1,D,0
-37.386,145.0152,338.3,1.8,1.3,2009-02-07,451,Aqua,MODIS,85,6.2,309.3,40.1,D,0
-37.3818,145.0355,372.9,1.8,1.3,2009-02-07,451,Aqua,MODIS,100,6.2,311.9,248.9,D,0
-37.4017,144.9992,332.4,1.8,1.3,2009-02-07,451,Aqua,MODIS,79,6.2,308.6,19.4,D,0
-37.3976,145.0193,339.5,1.8,1.3,2009-02-07,451,Aqua,MODIS,86,6.2,309.5,44.8,D,0
-37.3347,145.0583,395.7,1.8,1.3,2009-02-07,451,Aqua,MODIS,94,6.2,302.5,505.9,D,0
-37.3341,145.1228,337,1.9,1.3,2009-02-07,451,Aqua,MODIS,63,6.2,291.1,54.3,D,0
-37.3381,145.1032,340.5,1.8,1.3,2009-02-07,451,Aqua,MODIS,64,6.2,303.7,65,D,0
-37.3424,145.0441,397.4,1.8,1.3,2009-02-07,451,Aqua,MODIS,94,6.2,304.8,522.8,D,0
-37.3509,145.0036,338.5,1.8,1.3,2009-02-07,451,Aqua,MODIS,85,6.2,306.1,42.1,D,0
-37.3348,145.0204,363,1.8,1.3,2009-02-07,451,Aqua,MODIS,87,6.2,296.8,173,D,0
-37.3391,144.9999,346,1.8,1.3,2009-02-07,451,Aqua,MODIS,91,6.2,303.7,75.3,D,0
-37.3506,145.0414,378.5,1.8,1.3,2009-02-07,451,Aqua,MODIS,100,6.2,313.4,302.7,D,0
-37.3547,145.0215,350.6,1.8,1.3,2009-02-07,451,Aqua,MODIS,94,6.2,299.8,96.7,D,0
-37.3588,145.0009,330.6,1.8,1.3,2009-02-07,451,Aqua,MODIS,76,6.2,306.9,15,D,0
-37.3626,145.0074,337.9,1.8,1.3,2009-02-07,451,Aqua,MODIS,85,6.2,305.4,39.6,D,0
-37.4392,145.5333,357.3,1.9,1.4,2009-02-07,451,Aqua,MODIS,94,6.2,305.9,156.8,D,0
-37.4223,145.5519,500.7,2,1.4,2009-02-07,451,Aqua,MODIS,100,6.2,333.9,4262.7,D,0
-37.427,145.5301,391.4,1.9,1.4,2009-02-07,451,Aqua,MODIS,100,6.2,309.5,487.8,D,0
-37.41,145.5491,501.8,2,1.4,2009-02-07,451,Aqua,MODIS,100,6.2,400.1,4334.1,D,0
-37.4146,145.5275,467.6,1.9,1.4,2009-02-07,451,Aqua,MODIS,100,6.2,327.4,2501.6,D,0
-37.4013,145.5186,388.5,1.9,1.4,2009-02-07,451,Aqua,MODIS,100,6.2,316.3,441.7,D,0
-37.38,145.5582,351,2,1.4,2009-02-07,451,Aqua,MODIS,95,6.2,308.8,116.3,D,0
-37.3844,145.5374,371.5,2,1.4,2009-02-07,451,Aqua,MODIS,100,6.2,312.4,258.9,D,0
-37.187,147.1325,399.5,2.5,1.5,2009-02-07,451,Aqua,MODIS,100,6.2,312.6,878.8,D,0
-37.1931,147.1047,328.2,2.5,1.5,2009-02-07,451,Aqua,MODIS,58,6.2,305.2,40.8,D,0
-37.1542,147.0862,322.7,2.5,1.5,2009-02-07,451,Aqua,MODIS,46,6.2,303.7,27.4,D,0
-37.167,147.0928,340.5,2.5,1.5,2009-02-07,451,Aqua,MODIS,87,6.2,306.5,110.6,D,0
-37.1607,147.1212,430.3,2.5,1.5,2009-02-07,451,Aqua,MODIS,100,6.2,326.4,1769.3,D,0
-37.1554,147.145,402.7,2.5,1.5,2009-02-07,451,Aqua,MODIS,100,6.2,315,967,D,0
-37.1801,147.0987,361.4,2.5,1.5,2009-02-07,451,Aqua,MODIS,100,6.2,311.3,276.3,D,0
-37.1738,147.1269,501.2,2.5,1.5,2009-02-07,451,Aqua,MODIS,100,6.2,400.1,6034.4,D,0
-37.3466,145.0241,360.8,1.8,1.3,2009-02-07,451,Aqua,MODIS,94,6.2,300.2,157.2,D,0
-37.3935,145.0393,391.7,1.8,1.3,2009-02-07,451,Aqua,MODIS,100,6.2,313.2,440.6,D,0
-37.4134,145.0033,333.9,1.8,1.3,2009-02-07,451,Aqua,MODIS,80,6.2,309.8,24.2,D,0
-37.2961,145.0023,333.3,1.8,1.3,2009-02-07,451,Aqua,MODIS,0,6.2,294.9,32,D,0
-37.1624,147.1781,344.9,2.5,1.5,2009-02-07,451,Aqua,MODIS,90,6.2,303.2,157.3,D,0
-37.4214,145.5456,502.9,2,1.4,2009-02-07,451,Aqua,MODIS,100,6.2,332.7,4402.3,D,0
-37.1477,147.1151,383.8,2.5,1.5,2009-02-07,451,Aqua,MODIS,100,6.2,310.2,585.3,D,0
-37.1421,147.1401,351.7,2.5,1.5,2009-02-07,451,Aqua,MODIS,95,6.2,305.2,203.5,D,0
-37.1484,147.1495,362.5,2.5,1.5,2009-02-07,451,Aqua,MODIS,100,6.2,307.5,302.8,D,0
-37.4093,145.0233,340.1,1.8,1.3,2009-02-07,451,Aqua,MODIS,87,6.2,310.1,46.2,D,0
-37.4052,145.0432,354.3,1.8,1.3,2009-02-07,451,Aqua,MODIS,96,6.2,306,114.5,D,0
-37.421,145.0271,337.6,1.8,1.3,2009-02-07,451,Aqua,MODIS,84,6.2,310.7,35.4,D,0
-37.3305,145.079,354.6,1.8,1.3,2009-02-07,451,Aqua,MODIS,97,6.2,308.1,132.1,D,0
-37.4169,145.0473,350.8,1.8,1.3,2009-02-07,451,Aqua,MODIS,94,6.2,307.2,95.1,D,0
-37.4327,145.0308,337.5,1.8,1.3,2009-02-07,451,Aqua,MODIS,84,6.2,310.7,34.7,D,0
-37.4444,145.0348,334,1.8,1.3,2009-02-07,451,Aqua,MODIS,80,6.2,310.8,22.5,D,0
-37.4262,145.0357,338,1.8,1.3,2009-02-07,451,Aqua,MODIS,85,6.2,310.2,36.9,D,0
-37.3465,145.0617,426.9,1.8,1.3,2009-02-07,451,Aqua,MODIS,100,6.2,324.8,1058.6,D,0
-37.1876,147.1674,420.9,2.5,1.5,2009-02-07,451,Aqua,MODIS,100,6.2,304.6,1462.7,D,0
-37.1937,147.1405,376,2.5,1.5,2009-02-07,451,Aqua,MODIS,100,6.2,304.6,458,D,0
-37.1686,147.1873,338.7,2.5,1.5,2009-02-07,451,Aqua,MODIS,58,6.2,302.9,109.4,D,0
-37.1801,147.1371,493.3,2.5,1.5,2009-02-07,451,Aqua,MODIS,100,6.2,333,5363.9,D,0
-37.3424,145.082,371.5,1.8,1.3,2009-02-07,451,Aqua,MODIS,100,6.2,306.7,252.6,D,0
-37.1862,147.1102,392.1,2.5,1.5,2009-02-07,451,Aqua,MODIS,100,6.2,312.1,717,D,0
-37.3187,145.0754,343.9,1.8,1.3,2009-02-07,451,Aqua,MODIS,90,6.2,306.7,72.8,D,0
-37.1615,147.1553,396.4,2.5,1.5,2009-02-07,451,Aqua,MODIS,100,6.2,311.4,821.8,D,0
-37.1672,147.1306,485.8,2.5,1.5,2009-02-07,451,Aqua,MODIS,100,6.2,342.1,4776.4,D,0
-37.4257,145.525,367.1,1.9,1.4,2009-02-07,451,Aqua,MODIS,100,6.2,309.1,225,D,0
-37.438,145.0395,336.5,1.8,1.3,2009-02-07,451,Aqua,MODIS,83,6.2,310.2,31.4,D,0
-37.4496,145.0437,336.8,1.8,1.3,2009-02-07,451,Aqua,MODIS,84,6.2,311.4,29.2,D,0
-37.1733,147.1039,416,2.5,1.5,2009-02-07,451,Aqua,MODIS,100,6.2,317.8,1289.3,D,0
-37.4336,145.5491,442.3,2,1.4,2009-02-07,451,Aqua,MODIS,100,6.2,314.9,1589,D,0
-37.4043,145.5658,434.8,2,1.4,2009-02-07,451,Aqua,MODIS,100,6.2,313.7,1378.3,D,0
-37.409,145.5435,500.6,2,1.4,2009-02-07,451,Aqua,MODIS,100,6.2,400.1,4253.9,D,0
-37.1539,147.1258,411.5,2.5,1.5,2009-02-07,451,Aqua,MODIS,100,6.2,319.6,1166.9,D,0
-37.4658,145.5908,358.3,2,1.4,2009-02-07,451,Aqua,MODIS,99,6.2,296.7,176.8,D,0
-37.4494,145.6071,357.4,2,1.4,2009-02-07,451,Aqua,MODIS,87,6.2,295.2,169.9,D,0
-37.1603,147.0977,360.9,2.5,1.5,2009-02-07,451,Aqua,MODIS,100,6.2,307,271.3,D,0
-37.1814,147.1577,439.7,2.5,1.5,2009-02-07,451,Aqua,MODIS,100,6.2,313.9,2152.3,D,0
-37.4536,145.5874,424.3,2,1.4,2009-02-07,451,Aqua,MODIS,100,6.2,303.4,1114,D,0
-37.433,145.6234,335.6,2,1.4,2009-02-07,451,Aqua,MODIS,51,6.2,304.2,53.1,D,0
-37.4372,145.6035,375.4,2,1.4,2009-02-07,451,Aqua,MODIS,100,6.2,301.4,316.6,D,0
-37.4415,145.5835,429,2,1.4,2009-02-07,451,Aqua,MODIS,100,6.2,303.6,1225.1,D,0
-37.4209,145.6189,326.7,2,1.4,2009-02-07,451,Aqua,MODIS,68,6.2,305.3,19.6,D,0
-37.4253,145.5987,363.1,2,1.4,2009-02-07,451,Aqua,MODIS,100,6.2,305.7,208.4,D,0
-37.4294,145.5794,442.7,2,1.4,2009-02-07,451,Aqua,MODIS,100,6.2,307.7,1610.4,D,0
-37.4087,145.6154,325.7,2,1.4,2009-02-07,451,Aqua,MODIS,59,6.2,305.5,16.7,D,0
-37.4761,145.0968,335.3,1.8,1.3,2009-02-07,451,Aqua,MODIS,70,6.2,311.6,24.2,D,0
-37.4521,145.1521,355.1,1.8,1.3,2009-02-07,451,Aqua,MODIS,91,6.2,295.2,135.8,D,0
-37.4563,145.132,378.1,1.8,1.3,2009-02-07,451,Aqua,MODIS,100,6.2,304.1,307.7,D,0
-37.4603,145.113,364.7,1.8,1.3,2009-02-07,451,Aqua,MODIS,100,6.2,310.3,189.2,D,0
-37.4131,145.5949,360.4,2,1.4,2009-02-07,451,Aqua,MODIS,100,6.2,306,187.6,D,0
-37.4172,145.5757,487.9,2,1.4,2009-02-07,451,Aqua,MODIS,100,6.2,320.2,3530.4,D,0
-37.3965,145.6119,324,2,1.4,2009-02-07,451,Aqua,MODIS,45,6.2,305.6,11.7,D,0
-37.401,145.5907,351.1,2,1.4,2009-02-07,451,Aqua,MODIS,95,6.2,306,127.8,D,0
-37.4052,145.5712,416,2,1.4,2009-02-07,451,Aqua,MODIS,100,6.2,311.1,919.3,D,0
-37.4202,145.6137,336,2,1.4,2009-02-07,451,Aqua,MODIS,83,6.2,305.8,54.5,D,0
-37.4244,145.5936,366.2,2,1.4,2009-02-07,451,Aqua,MODIS,100,6.2,306.1,233.6,D,0
-37.4644,145.0927,342.7,1.8,1.3,2009-02-07,451,Aqua,MODIS,86,6.2,311.9,56.4,D,0
-37.4687,145.072,336,1.8,1.3,2009-02-07,451,Aqua,MODIS,80,6.2,312.6,24.7,D,0
-37.4285,145.5739,447.3,2,1.4,2009-02-07,451,Aqua,MODIS,100,6.2,311.2,1759.6,D,0
-37.4366,145.1661,349.1,1.9,1.3,2009-02-07,451,Aqua,MODIS,86,6.2,290.5,106.9,D,0
-37.4409,145.1459,396.3,1.8,1.3,2009-02-07,451,Aqua,MODIS,100,6.2,297,521.7,D,0
-37.4448,145.1269,504.2,1.8,1.3,2009-02-07,451,Aqua,MODIS,100,6.2,324.3,4118.9,D,0
-37.4487,145.1084,469.2,1.8,1.3,2009-02-07,451,Aqua,MODIS,100,6.2,327.2,2359,D,0
-37.4527,145.0887,357.2,1.8,1.3,2009-02-07,451,Aqua,MODIS,98,6.2,311.5,128.8,D,0
-37.457,145.0683,343.4,1.8,1.3,2009-02-07,451,Aqua,MODIS,89,6.2,312,56,D,0
-37.425,145.1616,355.5,1.9,1.3,2009-02-07,451,Aqua,MODIS,97,6.2,290.5,143.2,D,0
-37.4293,145.1409,403,1.8,1.3,2009-02-07,451,Aqua,MODIS,100,6.2,296.7,619.4,D,0
-37.4333,145.122,484.5,1.8,1.3,2009-02-07,451,Aqua,MODIS,100,6.2,313.5,3054.5,D,0
-37.437,145.1038,500.7,1.8,1.3,2009-02-07,451,Aqua,MODIS,100,6.2,336.1,3888.8,D,0
-37.408,145.6101,335.1,2,1.4,2009-02-07,451,Aqua,MODIS,82,6.2,305.9,50,D,0
-37.4411,145.0842,371.7,1.8,1.3,2009-02-07,451,Aqua,MODIS,100,6.2,311.6,237.1,D,0
-37.4453,145.0643,347.1,1.8,1.3,2009-02-07,451,Aqua,MODIS,92,6.2,310.9,73.6,D,0
-37.4089,145.1781,332.2,1.9,1.3,2009-02-07,451,Aqua,MODIS,45,6.2,284.2,37.9,D,0
-37.4132,145.1576,359.7,1.9,1.3,2009-02-07,451,Aqua,MODIS,99,6.2,285.8,170.4,D,0
-37.4175,145.1372,411.3,1.8,1.3,2009-02-07,451,Aqua,MODIS,100,6.2,295.3,759,D,0
-37.4215,145.1179,471.6,1.8,1.3,2009-02-07,451,Aqua,MODIS,100,6.2,308.6,2472.9,D,0
-37.4255,145.099,500.6,1.8,1.3,2009-02-07,451,Aqua,MODIS,100,6.2,332,3883.2,D,0
-37.4295,145.0797,427.8,1.8,1.3,2009-02-07,451,Aqua,MODIS,100,6.2,318.2,1067.6,D,0
-37.3891,145.5153,343.6,1.9,1.4,2009-02-07,451,Aqua,MODIS,90,6.2,310.8,62.6,D,0
-37.3723,145.5336,333.9,2,1.4,2009-02-07,451,Aqua,MODIS,44,6.2,310.8,30.4,D,0
-37.1684,147.1512,463.4,2.5,1.5,2009-02-07,451,Aqua,MODIS,100,6.2,321.5,3333.3,D,0
-37.4135,145.522,435.9,1.9,1.4,2009-02-07,451,Aqua,MODIS,100,6.2,323.5,1380.1,D,0
-37.4123,145.5898,373.8,2,1.4,2009-02-07,451,Aqua,MODIS,100,6.2,306.5,302.4,D,0
-37.4164,145.5699,501.3,2,1.4,2009-02-07,451,Aqua,MODIS,100,6.2,325.2,4326.7,D,0
-37.3958,145.6065,326.3,2,1.4,2009-02-07,451,Aqua,MODIS,65,6.2,305.9,19.2,D,0
-37.4002,145.5853,356.1,2,1.4,2009-02-07,451,Aqua,MODIS,97,6.2,306.4,157.1,D,0
-37.3881,145.5812,347.4,2,1.4,2009-02-07,451,Aqua,MODIS,92,6.2,306.3,108.8,D,0
-37.4336,145.0603,350.1,1.8,1.3,2009-02-07,451,Aqua,MODIS,94,6.2,310.7,88.2,D,0
-37.4056,145.1339,397.7,1.8,1.3,2009-02-07,451,Aqua,MODIS,100,6.2,291.9,544.8,D,0
-37.4098,145.1139,472.6,1.8,1.3,2009-02-07,451,Aqua,MODIS,100,6.2,311.2,2516.3,D,0
-37.4138,145.0949,486.7,1.8,1.3,2009-02-07,451,Aqua,MODIS,100,6.2,324.3,3145.7,D,0
-37.4177,145.0762,476.6,1.8,1.3,2009-02-07,451,Aqua,MODIS,100,6.2,328.3,2656.6,D,0
-37.4219,145.0563,361,1.8,1.3,2009-02-07,451,Aqua,MODIS,100,6.2,310.1,154.7,D,0
-37.4162,145.1736,338.5,1.9,1.3,2009-02-07,451,Aqua,MODIS,50,6.2,286.2,60.5,D,0
-37.4204,145.153,364.2,1.9,1.3,2009-02-07,451,Aqua,MODIS,94,6.2,290.9,203,D,0
-37.4246,145.1326,418.3,1.8,1.3,2009-02-07,451,Aqua,MODIS,100,6.2,298.7,891.1,D,0
-37.4284,145.114,471.7,1.8,1.3,2009-02-07,451,Aqua,MODIS,100,6.2,318.5,2476.5,D,0
-37.4322,145.0951,455.8,1.8,1.3,2009-02-07,451,Aqua,MODIS,100,6.2,331.1,1865,D,0
-37.4362,145.0756,359.7,1.8,1.3,2009-02-07,451,Aqua,MODIS,99,6.2,310.3,147.9,D,0
-37.4402,145.0555,342.1,1.8,1.3,2009-02-07,451,Aqua,MODIS,88,6.2,310.9,52.7,D,0
-37.4086,145.1494,373.6,1.9,1.3,2009-02-07,451,Aqua,MODIS,94,6.2,286.5,279.4,D,0
-37.4127,145.129,436.9,1.8,1.3,2009-02-07,451,Aqua,MODIS,100,6.2,297.4,1321.9,D,0
-37.4167,145.1097,486.5,1.8,1.3,2009-02-07,451,Aqua,MODIS,100,6.2,313.7,3150.8,D,0
-37.4206,145.0907,502.7,1.8,1.3,2009-02-07,451,Aqua,MODIS,100,6.2,332.5,4007.7,D,0
-37.4245,145.0716,411.4,1.8,1.3,2009-02-07,451,Aqua,MODIS,100,6.2,316.8,735.1,D,0
-37.4285,145.0515,348.2,1.8,1.3,2009-02-07,451,Aqua,MODIS,93,6.2,309.8,81.5,D,0
-37.4008,145.1258,417.1,1.8,1.3,2009-02-07,451,Aqua,MODIS,94,6.2,293.2,869.7,D,0
-37.4049,145.1059,483,1.8,1.3,2009-02-07,451,Aqua,MODIS,100,6.2,315.5,2985.1,D,0
-37.4088,145.0871,479.1,1.8,1.3,2009-02-07,451,Aqua,MODIS,100,6.2,323.5,2785.8,D,0
-37.4127,145.0677,449.2,1.8,1.3,2009-02-07,451,Aqua,MODIS,100,6.2,322,1641.8,D,0
-37.3889,145.1225,395.9,1.8,1.3,2009-02-07,451,Aqua,MODIS,94,6.2,291.2,522.8,D,0
-37.393,145.1025,466.9,1.8,1.3,2009-02-07,451,Aqua,MODIS,100,6.2,310.3,2286.2,D,0
-37.397,145.0833,471.3,1.8,1.3,2009-02-07,451,Aqua,MODIS,100,6.2,327.9,2449.3,D,0
-37.3728,145.1395,350.1,1.9,1.3,2009-02-07,451,Aqua,MODIS,82,6.2,289.8,110.1,D,0
-37.377,145.1193,370.1,1.8,1.3,2009-02-07,451,Aqua,MODIS,94,6.2,298.4,245.8,D,0
-37.3813,145.0987,431.5,1.8,1.3,2009-02-07,451,Aqua,MODIS,100,6.2,305.1,1174.5,D,0
-37.3853,145.0789,464.5,1.8,1.3,2009-02-07,451,Aqua,MODIS,100,6.2,327.6,2179.7,D,0
-37.3609,145.1363,343.3,1.9,1.3,2009-02-07,451,Aqua,MODIS,67,6.2,287.7,77.8,D,0
-37.3651,145.1163,359.9,1.8,1.3,2009-02-07,451,Aqua,MODIS,94,6.2,299,167.4,D,0
-37.3922,145.5618,406,2,1.4,2009-02-07,451,Aqua,MODIS,100,6.2,311.1,726.4,D,0
-37.3694,145.0953,414.5,1.8,1.3,2009-02-07,451,Aqua,MODIS,100,6.2,304.6,810.6,D,0
-37.3736,145.0749,457.9,1.8,1.3,2009-02-07,451,Aqua,MODIS,100,6.2,325.9,1941,D,0
-37.3777,145.0552,424.6,1.8,1.3,2009-02-07,451,Aqua,MODIS,100,6.2,323.9,999.3,D,0
-37.3532,145.1129,355.2,1.8,1.3,2009-02-07,451,Aqua,MODIS,84,6.2,294.2,139.2,D,0
-37.3576,145.0917,393.3,1.8,1.3,2009-02-07,451,Aqua,MODIS,100,6.2,304.3,482.4,D,0
-37.3619,145.0712,453.7,1.8,1.3,2009-02-07,451,Aqua,MODIS,100,6.2,326.1,1798.4,D,0
-37.3659,145.0515,419,1.8,1.3,2009-02-07,451,Aqua,MODIS,100,6.2,322.3,881.6,D,0
-37.3759,145.5779,335.6,2,1.4,2009-02-07,451,Aqua,MODIS,76,6.2,307.3,51.1,D,0
-37.3413,145.1093,344.6,1.8,1.3,2009-02-07,451,Aqua,MODIS,74,6.2,301,83,D,0
-37.3457,145.0884,370.3,1.8,1.3,2009-02-07,451,Aqua,MODIS,100,6.2,305.7,242.5,D,0
-37.35,145.0679,444.3,1.8,1.3,2009-02-07,451,Aqua,MODIS,100,6.2,322.8,1505.6,D,0
-37.3338,145.0853,353,1.8,1.3,2009-02-07,451,Aqua,MODIS,96,6.2,307.3,123.3,D,0
-37.3381,145.0645,416.6,1.8,1.3,2009-02-07,451,Aqua,MODIS,94,6.2,312.5,844.2,D,0
-37.3219,145.0817,340.5,1.8,1.3,2009-02-07,451,Aqua,MODIS,87,6.2,308.4,59.1,D,0
-37.4585,145.5641,412.3,2,1.4,2009-02-07,451,Aqua,MODIS,100,6.2,305,846.9,D,0
-37.4465,145.5598,456.8,2,1.4,2009-02-07,451,Aqua,MODIS,100,6.2,312,2088.3,D,0
-37.4513,145.5369,347,1.9,1.4,2009-02-07,451,Aqua,MODIS,81,6.2,301.2,100.7,D,0
-37.4344,145.5559,459.9,2,1.4,2009-02-07,451,Aqua,MODIS,100,6.2,313.3,2205.8,D,0
-37.3967,145.5407,460.7,2,1.4,2009-02-07,451,Aqua,MODIS,100,6.2,331.4,2226.6,D,0
-37.9401,145.6997,336,1.9,1.4,2009-02-07,451,Aqua,MODIS,68,6.2,296.9,54.6,D,0
-38.0178,145.8208,344.9,2,1.4,2009-02-07,451,Aqua,MODIS,91,6.2,297.2,99.9,D,0
-37.9416,145.7428,387.4,1.9,1.4,2009-02-07,451,Aqua,MODIS,100,6.2,303.6,446.1,D,0
-38.3599,146.4835,369.5,2.1,1.4,2009-02-07,451,Aqua,MODIS,100,6.2,311.4,286.7,D,0
-38.0605,145.8211,339.4,2,1.4,2009-02-07,451,Aqua,MODIS,86,6.2,302.4,76.3,D,0
-38.0147,145.7742,361.2,1.9,1.4,2009-02-07,451,Aqua,MODIS,100,6.2,303.8,187.8,D,0
-37.9373,145.7633,338.1,2,1.4,2009-02-07,451,Aqua,MODIS,86,6.2,299.2,65.7,D,0
-38.0457,145.7694,335.9,1.9,1.4,2009-02-07,451,Aqua,MODIS,83,6.2,302.5,52.9,D,0
-38.3504,146.4612,430.7,2.1,1.4,2009-02-07,451,Aqua,MODIS,100,6.2,328.6,1392.7,D,0
-38.3429,146.4346,384.8,2.1,1.4,2009-02-07,451,Aqua,MODIS,100,6.2,315,458.7,D,0
-37.9742,145.7822,415.1,2,1.4,2009-02-07,451,Aqua,MODIS,100,6.2,303.4,901.8,D,0
-38.1014,145.8115,331.5,1.9,1.4,2009-02-07,451,Aqua,MODIS,77,6.2,301.3,43.7,D,0
-38.373,146.4192,328.6,2.1,1.4,2009-02-07,451,Aqua,MODIS,64,6.2,305,38.7,D,0
-38.0118,145.7262,348.6,1.9,1.4,2009-02-07,451,Aqua,MODIS,93,6.2,306.5,109.6,D,0
-38.3605,146.4153,327.6,2.1,1.4,2009-02-07,451,Aqua,MODIS,53,6.2,306.7,32.9,D,0
-38.0058,145.8162,359,2,1.4,2009-02-07,451,Aqua,MODIS,99,6.2,297.4,180.8,D,0
-37.9461,145.7212,402.5,1.9,1.4,2009-02-07,451,Aqua,MODIS,100,6.2,306.6,660.7,D,0
-38.3699,146.4368,388.4,2.1,1.4,2009-02-07,451,Aqua,MODIS,100,6.2,315.6,513.7,D,0
-38.3345,146.4771,336,2.1,1.4,2009-02-07,451,Aqua,MODIS,81,6.2,309.4,55.3,D,0
-37.0039,149.6774,327.9,3.5,1.8,2009-02-07,451,Aqua,MODIS,29,6.2,301.3,81,D,0
-38.3395,146.4539,399.7,2.1,1.4,2009-02-07,451,Aqua,MODIS,100,6.2,318.2,685.4,D,0
-38.0411,145.791,341.2,1.9,1.4,2009-02-07,451,Aqua,MODIS,87,6.2,301.6,77.8,D,0
-37.9255,145.7579,328.5,2,1.4,2009-02-07,451,Aqua,MODIS,40,6.2,295.7,33.6,D,0
-38.3773,146.5223,345.4,2.1,1.4,2009-02-07,451,Aqua,MODIS,90,6.2,307.9,108.3,D,0
-38.4022,146.531,369.7,2.1,1.4,2009-02-07,451,Aqua,MODIS,100,6.2,303.9,302.8,D,0
-38.0743,145.7561,326.8,1.9,1.4,2009-02-07,451,Aqua,MODIS,58,6.2,301.6,22.2,D,0
-37.9998,145.7221,359.5,1.9,1.4,2009-02-07,451,Aqua,MODIS,99,6.2,306.5,176.1,D,0
-38.3952,146.5015,428.6,2.1,1.4,2009-02-07,451,Aqua,MODIS,100,6.2,313.6,1346.3,D,0
-38.0298,145.8257,340.7,2,1.4,2009-02-07,451,Aqua,MODIS,87,6.2,298,83,D,0
-38.0101,145.7957,399.3,2,1.4,2009-02-07,451,Aqua,MODIS,100,6.2,304.6,619,D,0
-38.3522,146.4571,428.7,2.1,1.4,2009-02-07,451,Aqua,MODIS,100,6.2,328,1339.6,D,0
-38.0124,145.8039,384.2,2,1.4,2009-02-07,451,Aqua,MODIS,100,6.2,302.7,414.4,D,0
-38.3828,146.497,459.6,2.1,1.4,2009-02-07,451,Aqua,MODIS,100,6.2,322.6,2445.5,D,0
-38.0651,145.7995,360.9,1.9,1.4,2009-02-07,451,Aqua,MODIS,100,6.2,305,190.5,D,0
-38.0318,145.8342,334.5,2,1.4,2009-02-07,451,Aqua,MODIS,61,6.2,296.6,60.3,D,0
-38.0312,145.7566,340,1.9,1.4,2009-02-07,451,Aqua,MODIS,87,6.2,303.4,69,D,0
-38.4275,146.5382,350.1,2.1,1.4,2009-02-07,451,Aqua,MODIS,94,6.2,299.2,154.9,D,0
-38.017,145.7827,353.3,1.9,1.4,2009-02-07,451,Aqua,MODIS,96,6.2,302.8,137.7,D,0
-38.4324,146.5153,334.1,2.1,1.4,2009-02-07,451,Aqua,MODIS,78,6.2,302.5,68.5,D,0
-38.0697,145.7778,356.1,1.9,1.4,2009-02-07,451,Aqua,MODIS,97,6.2,305.1,156.3,D,0
-38.008,145.8242,334.9,2,1.4,2009-02-07,451,Aqua,MODIS,42,6.2,295.9,56.5,D,0
-38.4148,146.5349,335.3,2.1,1.4,2009-02-07,451,Aqua,MODIS,80,6.2,299.9,72.6,D,0
-37.9355,145.7211,405.3,1.9,1.4,2009-02-07,451,Aqua,MODIS,100,6.2,304.7,707.2,D,0
-38.3573,146.4332,387.8,2.1,1.4,2009-02-07,451,Aqua,MODIS,100,6.2,317.5,500.9,D,0
-38.3454,146.4841,352,2.1,1.4,2009-02-07,451,Aqua,MODIS,95,6.2,310,142.8,D,0
-37.9308,145.743,374,1.9,1.4,2009-02-07,451,Aqua,MODIS,100,6.2,299.8,299.2,D,0
-38.0531,145.7953,348.3,1.9,1.4,2009-02-07,451,Aqua,MODIS,93,6.2,302.6,115.1,D,0
-37.9666,145.7569,461,1.9,1.4,2009-02-07,451,Aqua,MODIS,100,6.2,320.3,2236.6,D,0
-38.0365,145.8125,334.5,2,1.4,2009-02-07,451,Aqua,MODIS,54,6.2,300.1,54.5,D,0
-38.0267,145.7784,348.2,1.9,1.4,2009-02-07,451,Aqua,MODIS,93,6.2,302.7,108,D,0
-38.1024,145.8167,328,1.9,1.4,2009-02-07,451,Aqua,MODIS,68,6.2,301.2,33.1,D,0
-37.9625,145.7041,349.3,1.9,1.4,2009-02-07,451,Aqua,MODIS,94,6.2,303.6,115.2,D,0
-37.988,145.7171,360.6,1.9,1.4,2009-02-07,451,Aqua,MODIS,100,6.2,305.1,184.2,D,0
-38.029,145.7868,350.6,1.9,1.4,2009-02-07,451,Aqua,MODIS,94,6.2,302.6,123.6,D,0
-38.3376,146.4583,378.8,2.1,1.4,2009-02-07,451,Aqua,MODIS,100,6.2,313.8,382.9,D,0
-37.9697,145.8035,343.5,2,1.4,2009-02-07,451,Aqua,MODIS,90,6.2,298.6,86.6,D,0
-38.0432,145.7609,326.3,1.9,1.4,2009-02-07,451,Aqua,MODIS,43,6.2,302.4,16.6,D,0
-37.9473,145.7265,393.9,1.9,1.4,2009-02-07,451,Aqua,MODIS,100,6.2,306.8,533.1,D,0
-38.3882,146.4723,404.3,2.1,1.4,2009-02-07,451,Aqua,MODIS,100,6.2,315.7,774,D,0
-38.0485,145.8169,334.4,2,1.4,2009-02-07,451,Aqua,MODIS,60,6.2,300.9,56.1,D,0
-38.3473,146.4797,376.7,2.1,1.4,2009-02-07,451,Aqua,MODIS,100,6.2,311.3,361.8,D,0
-37.958,145.7975,339.9,2,1.4,2009-02-07,451,Aqua,MODIS,87,6.2,298.4,71.5,D,0
-38.0337,145.7652,335.6,1.9,1.4,2009-02-07,451,Aqua,MODIS,82,6.2,302.8,51.2,D,0
-37.9427,145.7478,372.5,1.9,1.4,2009-02-07,451,Aqua,MODIS,100,6.2,303.1,285.5,D,0
-38.3648,146.4608,384.6,2.1,1.4,2009-02-07,451,Aqua,MODIS,100,6.2,317,454.7,D,0
-37.9592,145.7311,395.5,1.9,1.4,2009-02-07,451,Aqua,MODIS,100,6.2,309.3,553.4,D,0
-37.976,145.7126,370.7,1.9,1.4,2009-02-07,451,Aqua,MODIS,100,6.2,305.6,265.1,D,0
-38.0244,145.8082,345.4,2,1.4,2009-02-07,451,Aqua,MODIS,91,6.2,300.6,101.6,D,0
-38.0818,145.7819,330.5,1.9,1.4,2009-02-07,451,Aqua,MODIS,75,6.2,301.5,34.5,D,0
-38.363,146.465,391.2,2.1,1.4,2009-02-07,451,Aqua,MODIS,100,6.2,316.5,547.3,D,0
-38.0577,145.7736,347.5,1.9,1.4,2009-02-07,451,Aqua,MODIS,92,6.2,303.7,104.6,D,0
-37.9712,145.7354,388.8,1.9,1.4,2009-02-07,451,Aqua,MODIS,100,6.2,310.3,462,D,0
-38.5552,146.6286,332.4,2.1,1.4,2009-02-07,451,Aqua,MODIS,82,6.2,308.9,52.8,D,0
-38.3649,146.5172,325.8,2.1,1.4,2009-02-07,451,Aqua,MODIS,58,6.2,308,21.4,D,0
-38.548,146.6001,379.6,2.1,1.4,2009-02-07,451,Aqua,MODIS,100,6.2,316.8,406.5,D,0
-37.9505,145.6999,357.7,1.9,1.4,2009-02-07,451,Aqua,MODIS,98,6.2,300.9,168.2,D,0
-38.0863,145.7603,328.5,1.9,1.4,2009-02-07,451,Aqua,MODIS,65,6.2,300.9,27.9,D,0
-37.9518,145.7052,372.8,1.9,1.4,2009-02-07,451,Aqua,MODIS,100,6.2,303.1,286.2,D,0
-37.9638,145.7094,366.4,1.9,1.4,2009-02-07,451,Aqua,MODIS,100,6.2,304.3,229.9,D,0
-38.4268,146.5452,335.2,2.1,1.4,2009-02-07,451,Aqua,MODIS,80,6.2,298,74.6,D,0
-38.4141,146.5422,324.1,2.1,1.4,2009-02-07,451,Aqua,MODIS,26,6.2,299.4,30.7,D,0
-38.5429,146.6236,367.1,2.1,1.4,2009-02-07,451,Aqua,MODIS,100,6.2,311.2,276.9,D,0
-38.0264,145.739,327.3,1.9,1.4,2009-02-07,451,Aqua,MODIS,53,6.2,303.3,21.7,D,0
-38.3682,146.4411,411.1,2.1,1.4,2009-02-07,451,Aqua,MODIS,100,6.2,317.4,910.3,D,0
-37.9537,145.7467,406.9,1.9,1.4,2009-02-07,451,Aqua,MODIS,100,6.2,311.7,739.9,D,0
-38.4191,146.5194,337.4,2.1,1.4,2009-02-07,451,Aqua,MODIS,82,6.2,302.5,82,D,0
-38.4076,146.5062,477.1,2.1,1.4,2009-02-07,451,Aqua,MODIS,100,6.2,321.6,3302.9,D,0
-38.3897,146.5268,353.5,2.1,1.4,2009-02-07,451,Aqua,MODIS,96,6.2,305.7,161,D,0
-37.9833,145.7392,377.3,1.9,1.4,2009-02-07,451,Aqua,MODIS,100,6.2,308.6,328.8,D,0
-37.9384,145.7679,335.8,2,1.4,2009-02-07,451,Aqua,MODIS,65,6.2,299.4,57.7,D,0
-37.9786,145.7614,459.9,1.9,1.4,2009-02-07,451,Aqua,MODIS,100,6.2,322.5,2193.8,D,0
-38.0343,145.8041,338.5,2,1.4,2009-02-07,451,Aqua,MODIS,66,6.2,300.6,67.9,D,0
-38.4006,146.4767,404.3,2.1,1.4,2009-02-07,451,Aqua,MODIS,100,6.2,312.6,779.2,D,0
-38.3702,146.4932,401.7,2.1,1.4,2009-02-07,451,Aqua,MODIS,100,6.2,312.3,729.5,D,0
-38.3757,146.468,405,2.1,1.4,2009-02-07,451,Aqua,MODIS,100,6.2,317,790.1,D,0
-38.4319,146.5223,344.7,2.1,1.4,2009-02-07,451,Aqua,MODIS,89,6.2,301.9,120.3,D,0
-38.4128,146.4818,394.2,2.1,1.4,2009-02-07,451,Aqua,MODIS,100,6.2,310.7,609.6,D,0
-38.0772,145.8036,342.7,1.9,1.4,2009-02-07,451,Aqua,MODIS,89,6.2,302.6,86,D,0
-38.5604,146.6048,328.1,2.1,1.4,2009-02-07,451,Aqua,MODIS,78,6.2,312.7,33.5,D,0
-36.997,149.6725,335.5,3.5,1.8,2009-02-07,451,Aqua,MODIS,62,6.2,303.8,145.7,D,0
-38.0192,145.7524,352.1,1.9,1.4,2009-02-07,451,Aqua,MODIS,95,6.2,305.6,130.1,D,0
-37.9297,145.7378,377.3,1.9,1.4,2009-02-07,451,Aqua,MODIS,100,6.2,299.6,336.8,D,0
-37.958,145.7259,373.9,1.9,1.4,2009-02-07,451,Aqua,MODIS,100,6.2,307.4,297.9,D,0
-38.3579,146.4879,368.2,2.1,1.4,2009-02-07,451,Aqua,MODIS,100,6.2,309.9,272.6,D,0
-37.9344,145.7154,378.4,1.9,1.4,2009-02-07,451,Aqua,MODIS,100,6.2,301.4,348.7,D,0
-37.9495,145.7669,353.1,2,1.4,2009-02-07,451,Aqua,MODIS,96,6.2,300.2,142.3,D,0
-37.9505,145.7719,358.4,2,1.4,2009-02-07,451,Aqua,MODIS,99,6.2,299.9,176.5,D,0
-38.3806,146.4456,374.2,2.1,1.4,2009-02-07,451,Aqua,MODIS,100,6.2,310,344.4,D,0
-38.0216,145.761,357.3,1.9,1.4,2009-02-07,451,Aqua,MODIS,98,6.2,305.4,162.7,D,0
-38.0072,145.7481,375.7,1.9,1.4,2009-02-07,451,Aqua,MODIS,100,6.2,310.4,312.3,D,0
-37.9938,145.8121,372.1,2,1.4,2009-02-07,451,Aqua,MODIS,100,6.2,298.9,286.1,D,0
-37.9861,145.7872,430.8,2,1.4,2009-02-07,451,Aqua,MODIS,100,6.2,304.1,1265.4,D,0
-38.0026,145.77,406.9,1.9,1.4,2009-02-07,451,Aqua,MODIS,100,6.2,311.9,735.2,D,0
-38.3556,146.4375,401.3,2.1,1.4,2009-02-07,451,Aqua,MODIS,100,6.2,320.8,716.8,D,0
-37.9816,145.8085,351.9,2,1.4,2009-02-07,451,Aqua,MODIS,95,6.2,299.2,131.5,D,0
-37.9548,145.7516,436.9,1.9,1.4,2009-02-07,451,Aqua,MODIS,100,6.2,311.4,1423.2,D,0
-37.9461,145.7922,332.7,2,1.4,2009-02-07,451,Aqua,MODIS,63,6.2,298.3,45.4,D,0
-37.9906,145.7657,426.2,1.9,1.4,2009-02-07,451,Aqua,MODIS,100,6.2,313.6,1136.4,D,0
-38.3929,146.4505,337,2.1,1.4,2009-02-07,451,Aqua,MODIS,82,6.2,304.2,73.2,D,0
-38.425,146.4873,325.4,2.1,1.4,2009-02-07,451,Aqua,MODIS,48,6.2,304.1,32.4,D,0
-37.9452,145.7874,330.2,2,1.4,2009-02-07,451,Aqua,MODIS,47,6.2,298.3,37.5,D,0
-38.0222,145.7999,357.1,2,1.4,2009-02-07,451,Aqua,MODIS,98,6.2,301.9,167.5,D,0
-37.9953,145.7435,382.1,1.9,1.4,2009-02-07,451,Aqua,MODIS,100,6.2,309.9,379.4,D,0
-37.9982,145.7912,465.8,2,1.4,2009-02-07,451,Aqua,MODIS,100,6.2,313.6,2449.6,D,0
-37.9622,145.7778,388.1,2,1.4,2009-02-07,451,Aqua,MODIS,100,6.2,301.5,460.3,D,0
-38.4197,146.5121,362.6,2.1,1.4,2009-02-07,451,Aqua,MODIS,100,6.2,303.7,237.7,D,0
-38.3446,146.4302,378.5,2.1,1.4,2009-02-07,451,Aqua,MODIS,100,6.2,315.7,381.4,D,0
-38.0387,145.7826,342,1.9,1.4,2009-02-07,451,Aqua,MODIS,88,6.2,302.4,78.9,D,0
-36.7587,142.1718,345.3,1.3,1.1,2009-02-07,452,Aqua,MODIS,83,6.2,315.4,41.6,D,0
-36.756,142.1864,367.8,1.3,1.1,2009-02-07,452,Aqua,MODIS,100,6.2,316.6,127.7,D,0
-36.7534,142.201,371.3,1.3,1.1,2009-02-07,452,Aqua,MODIS,99,6.2,311.7,151.4,D,0
-36.7737,142.2067,337.5,1.3,1.1,2009-02-07,452,Aqua,MODIS,45,6.2,314,23.5,D,0
-36.7717,142.1964,347.2,1.3,1.1,2009-02-07,452,Aqua,MODIS,91,6.2,315.4,46.3,D,0
-36.7636,142.2038,361.2,1.3,1.1,2009-02-07,452,Aqua,MODIS,93,6.2,313.6,101.9,D,0
-37.0708,144.4898,330.6,1.7,1.3,2009-02-07,452,Aqua,MODIS,24,6.2,291.9,17.2,D,0
-37.065,144.4825,373.6,1.7,1.3,2009-02-07,452,Aqua,MODIS,87,6.2,307,236.6,D,0
-37.0535,144.4791,391,1.7,1.3,2009-02-07,452,Aqua,MODIS,94,6.2,313.6,403.3,D,0
-37.0573,144.4603,341.5,1.7,1.3,2009-02-07,452,Aqua,MODIS,87,6.2,310.7,50,D,0
-37.0382,144.4946,359.1,1.7,1.3,2009-02-07,452,Aqua,MODIS,99,6.2,308,139.4,D,0
-37.0421,144.4756,390.4,1.7,1.3,2009-02-07,452,Aqua,MODIS,100,6.2,315.3,396.1,D,0
-37.0306,144.4722,347.4,1.7,1.3,2009-02-07,452,Aqua,MODIS,92,6.2,296.7,78.9,D,0
-36.7485,142.169,350.1,1.3,1.1,2009-02-07,452,Aqua,MODIS,86,6.2,313.7,61.2,D,0
-36.7763,142.1922,337.7,1.3,1.1,2009-02-07,452,Aqua,MODIS,65,6.2,315.1,20.8,D,0
-36.7688,142.1747,358.4,1.3,1.1,2009-02-07,452,Aqua,MODIS,99,6.2,316.1,81.8,D,0
-36.7662,142.1893,373.8,1.3,1.1,2009-02-07,452,Aqua,MODIS,100,6.2,318.2,155.6,D,0
-26.2617,146.6533,335.5,4.3,1.9,2009-02-07,454,Aqua,MODIS,71,6.2,312.1,164.9,D,0
-26.26,146.6446,332.5,4.3,1.9,2009-02-07,454,Aqua,MODIS,60,6.2,312.4,124.2,D,0
-26.2716,146.6111,334.8,4.3,1.9,2009-02-07,454,Aqua,MODIS,69,6.2,312.7,147.2,D,0
-27.5131,125.2431,337.5,3.6,1.8,2009-02-07,455,Aqua,MODIS,77,6.2,302.4,127.7,D,0
-27.5218,125.2397,343.2,3.6,1.8,2009-02-07,455,Aqua,MODIS,85,6.2,302.9,187.2,D,0
-27.4993,127.347,373.5,2.5,1.5,2009-02-07,455,Aqua,MODIS,100,6.2,314.2,406.3,D,0
-27.5132,127.3485,346.5,2.5,1.5,2009-02-07,455,Aqua,MODIS,89,6.2,314.6,119.9,D,0
-27.5155,127.323,334.5,2.5,1.5,2009-02-07,455,Aqua,MODIS,72,6.2,313,46.4,D,0
-27.5016,127.3212,357.1,2.5,1.5,2009-02-07,455,Aqua,MODIS,98,6.2,313.8,219.6,D,0
-22.3952,129.278,365.2,1.6,1.2,2009-02-07,456,Aqua,MODIS,100,6.2,312.7,159.7,D,0
-22.3935,129.2934,360.9,1.6,1.2,2009-02-07,456,Aqua,MODIS,100,6.2,315.8,129.7,D,0
-33.5466,115.0316,359,1.1,1.1,2009-02-07,632,Aqua,MODIS,75,6.2,301.7,90.2,D,0
-33.5486,115.0192,362.9,1.1,1.1,2009-02-07,632,Aqua,MODIS,92,6.2,306.5,0,D,0
-33.5391,115.0169,367.3,1.1,1.1,2009-02-07,632,Aqua,MODIS,97,6.2,304.4,0,D,0
-31.3639,115.6514,328.9,1.3,1.1,2009-02-07,632,Aqua,MODIS,64,6.2,308.9,21.1,D,0
-26.9665,114.1547,343.4,1.3,1.1,2009-02-07,633,Aqua,MODIS,85,6.2,313.3,36.2,D,0
-37.9479,145.861,317.6,2.7,1.6,2009-02-07,1235,Terra,MODIS,31,6.2,288.4,55.3,N,0
-38.3062,146.547,345.6,2.4,1.5,2009-02-07,1235,Terra,MODIS,100,6.2,293.8,183.9,N,0
-38.2885,146.6026,351.1,2.4,1.5,2009-02-07,1235,Terra,MODIS,100,6.2,291,224.3,N,0
-38.3317,146.4723,323,2.5,1.5,2009-02-07,1235,Terra,MODIS,64,6.2,291.2,61.4,N,0
-38.3809,146.5671,326.8,2.4,1.5,2009-02-07,1235,Terra,MODIS,95,6.2,290.4,70.9,N,0
-37.9255,145.8063,310.4,2.7,1.6,2009-02-07,1235,Terra,MODIS,37,6.2,286.7,34.3,N,0
-37.9935,145.8701,324.4,2.7,1.6,2009-02-07,1235,Terra,MODIS,0,6.2,288.9,91.3,N,0
-38.3494,146.5249,321.8,2.4,1.5,2009-02-07,1235,Terra,MODIS,46,6.2,292.5,54.4,N,0
-38.3451,146.5832,320.9,2.4,1.5,2009-02-07,1235,Terra,MODIS,49,6.2,291.2,54.9,N,0
-38.5431,146.6186,315.7,2.4,1.5,2009-02-07,1235,Terra,MODIS,89,6.2,291,45.4,N,0
-38.3281,146.5284,333.5,2.4,1.5,2009-02-07,1235,Terra,MODIS,89,6.2,293.3,112.9,N,0
-38.3239,146.4938,334.8,2.5,1.5,2009-02-07,1235,Terra,MODIS,100,6.2,293.3,116.3,N,0
-37.9336,145.8597,311.5,2.7,1.6,2009-02-07,1235,Terra,MODIS,20,6.2,285.8,38.3,N,0
-38.3516,146.5904,323.7,2.4,1.5,2009-02-07,1235,Terra,MODIS,54,6.2,291.4,67.6,N,0
-38.3243,146.5859,328.2,2.4,1.5,2009-02-07,1235,Terra,MODIS,95,6.2,291.9,86.7,N,0
-36.0946,149.6849,318.1,1.5,1.2,2009-02-07,1235,Terra,MODIS,96,6.2,300.8,19.7,N,0
-38.3497,146.6183,327.9,2.4,1.5,2009-02-07,1235,Terra,MODIS,46,6.2,292.4,84.9,N,0
-38.3336,146.5522,325.3,2.4,1.5,2009-02-07,1235,Terra,MODIS,77,6.2,292.9,69.5,N,0
-38.3907,146.6238,337.3,2.4,1.5,2009-02-07,1235,Terra,MODIS,100,6.2,289.7,136.7,N,0
-38.3106,146.5839,337.2,2.4,1.5,2009-02-07,1235,Terra,MODIS,100,6.2,294.4,132.2,N,0
-38.3379,146.5885,327.8,2.4,1.5,2009-02-07,1235,Terra,MODIS,74,6.2,291.8,82.7,N,0
-37.9314,145.708,325.5,2.7,1.6,2009-02-07,1235,Terra,MODIS,98,6.2,288.6,94.7,N,0
-37.9458,145.8905,315.2,2.7,1.6,2009-02-07,1235,Terra,MODIS,68,6.2,288.8,53.8,N,0
-38.0223,145.8704,322.1,2.7,1.6,2009-02-07,1235,Terra,MODIS,0,6.2,287,81.5,N,0
-38.3436,146.5039,320,2.5,1.5,2009-02-07,1235,Terra,MODIS,0,6.2,292,55,N,0
-38.3411,146.6377,332.5,2.4,1.5,2009-02-07,1235,Terra,MODIS,71,6.2,293.3,116.2,N,0
-37.9276,145.7328,322.8,2.7,1.6,2009-02-07,1235,Terra,MODIS,100,6.2,289.3,82,N,0
-38.2905,146.5747,390.8,2.4,1.5,2009-02-07,1235,Terra,MODIS,100,6.2,294.4,724.3,N,0
-38.0079,145.8704,332.8,2.7,1.6,2009-02-07,1235,Terra,MODIS,51,6.2,288.6,134.5,N,0
-37.942,145.7722,327.6,2.7,1.6,2009-02-07,1235,Terra,MODIS,49,6.2,289.3,101.3,N,0
-38.3789,146.595,324.2,2.4,1.5,2009-02-07,1235,Terra,MODIS,51,6.2,290.7,62.4,N,0
-36.0961,149.6691,330.6,1.5,1.2,2009-02-07,1235,Terra,MODIS,100,6.2,301,44.9,N,0
-37.921,145.832,306.1,2.7,1.6,2009-02-07,1235,Terra,MODIS,54,6.2,286.7,32.2,N,0
-38.307,146.6398,361.6,2.4,1.5,2009-02-07,1235,Terra,MODIS,100,6.2,292.8,326.1,N,0
-37.9236,145.837,309.1,2.7,1.6,2009-02-07,1235,Terra,MODIS,38,6.2,286.1,32.8,N,0
-38.3161,146.4991,331.8,2.5,1.5,2009-02-07,1235,Terra,MODIS,100,6.2,293,101.2,N,0
-38.2788,146.5436,307.3,2.4,1.5,2009-02-07,1235,Terra,MODIS,41,6.2,289.5,21.4,N,0
-37.9296,145.7379,320.5,2.7,1.6,2009-02-07,1235,Terra,MODIS,85,6.2,289.3,64.6,N,0
-37.9107,145.7697,312.1,2.7,1.6,2009-02-07,1235,Terra,MODIS,77,6.2,288,46.2,N,0
-38.3653,146.5926,335.2,2.4,1.5,2009-02-07,1235,Terra,MODIS,99,6.2,292.2,114.8,N,0
-38.0272,145.8458,320.6,2.7,1.6,2009-02-07,1235,Terra,MODIS,39,6.2,285.7,75.2,N,0
-37.9565,145.7719,323.7,2.7,1.6,2009-02-07,1235,Terra,MODIS,28,6.2,287.5,85.7,N,0
-37.9253,145.7674,318,2.7,1.6,2009-02-07,1235,Terra,MODIS,58,6.2,288.8,59.3,N,0
-38.3633,146.6211,325.8,2.4,1.5,2009-02-07,1235,Terra,MODIS,55,6.2,291.1,77.1,N,0
-37.9314,145.8907,311.1,2.7,1.6,2009-02-07,1235,Terra,MODIS,28,6.2,287.1,39.9,N,0
-38.3315,146.5808,323,2.4,1.5,2009-02-07,1235,Terra,MODIS,68,6.2,291.7,62.9,N,0
-38.3343,146.643,338.3,2.4,1.5,2009-02-07,1235,Terra,MODIS,100,6.2,292.4,147.5,N,0
-38.3275,146.6358,338.6,2.4,1.5,2009-02-07,1235,Terra,MODIS,97,6.2,292.7,147.6,N,0
-38.3555,146.5329,320.8,2.4,1.5,2009-02-07,1235,Terra,MODIS,0,6.2,291.8,48.9,N,0
-38.3139,146.6341,358.4,2.4,1.5,2009-02-07,1235,Terra,MODIS,100,6.2,294.2,291,N,0
-37.9437,145.9216,305.9,2.6,1.6,2009-02-07,1235,Terra,MODIS,50,6.2,288.5,28.7,N,0
-38.3361,146.6157,338.9,2.4,1.5,2009-02-07,1235,Terra,MODIS,90,6.2,293.6,145.7,N,0
-38.3224,146.614,341.6,2.4,1.5,2009-02-07,1235,Terra,MODIS,100,6.2,293,164.3,N,0
-38.3159,146.6061,341.4,2.4,1.5,2009-02-07,1235,Terra,MODIS,100,6.2,293.1,154.7,N,0
-37.9399,145.7661,324.2,2.7,1.6,2009-02-07,1235,Terra,MODIS,52,6.2,289.2,84.4,N,0
-38.0099,145.8393,325.7,2.7,1.6,2009-02-07,1235,Terra,MODIS,93,6.2,284.4,96.5,N,0
-37.9772,145.8993,311.4,2.7,1.6,2009-02-07,1235,Terra,MODIS,54,6.2,288.5,45.8,N,0
-37.915,145.7395,328.4,2.7,1.6,2009-02-07,1235,Terra,MODIS,100,6.2,288.7,109.2,N,0
-38.0127,145.8461,335.9,2.7,1.6,2009-02-07,1235,Terra,MODIS,91,6.2,287.7,151.8,N,0
-38.3615,146.6478,327.1,2.4,1.5,2009-02-07,1235,Terra,MODIS,40,6.2,291.3,83.8,N,0
-38.3479,146.6455,324.5,2.4,1.5,2009-02-07,1235,Terra,MODIS,63,6.2,291.2,79.2,N,0
-37.9543,145.7666,324.5,2.7,1.6,2009-02-07,1235,Terra,MODIS,26,6.2,288.5,86.5,N,0
-38.3002,146.632,342,2.4,1.5,2009-02-07,1235,Terra,MODIS,100,6.2,291.1,160.8,N,0
-38.3144,146.5262,330.6,2.4,1.5,2009-02-07,1235,Terra,MODIS,91,6.2,292.8,92.1,N,0
-38.318,146.4702,323,2.5,1.5,2009-02-07,1235,Terra,MODIS,93,6.2,288.8,63.5,N,0
-38.3693,146.5346,321.5,2.4,1.5,2009-02-07,1235,Terra,MODIS,98,6.2,291.7,47.2,N,0
-38.3199,146.5491,334.4,2.4,1.5,2009-02-07,1235,Terra,MODIS,100,6.2,293.4,110.2,N,0
-38.377,146.6223,321.2,2.4,1.5,2009-02-07,1235,Terra,MODIS,0,6.2,290,55.9,N,0
-38.3206,146.6415,346.7,2.4,1.5,2009-02-07,1235,Terra,MODIS,100,6.2,292.6,200.5,N,0
-38.3432,146.6101,328.4,2.4,1.5,2009-02-07,1235,Terra,MODIS,59,6.2,293.4,93.4,N,0
-38.2944,146.5178,331.2,2.4,1.5,2009-02-07,1235,Terra,MODIS,100,6.2,290.7,99.6,N,0
-37.9129,145.7751,312.2,2.7,1.6,2009-02-07,1235,Terra,MODIS,50,6.2,288.1,41.5,N,0
-37.9983,145.8466,321.2,2.7,1.6,2009-02-07,1235,Terra,MODIS,15,6.2,283.8,71.8,N,0
-37.9343,145.8959,309.8,2.7,1.6,2009-02-07,1235,Terra,MODIS,28,6.2,288.2,37.3,N,0
-37.9648,145.8687,321.8,2.7,1.6,2009-02-07,1235,Terra,MODIS,0,6.2,288.7,76.6,N,0
-38.3376,146.4963,317.5,2.5,1.5,2009-02-07,1235,Terra,MODIS,12,6.2,291.8,44.8,N,0
-38.3672,146.565,342.6,2.4,1.5,2009-02-07,1235,Terra,MODIS,100,6.2,292.5,157.5,N,0
-37.9363,145.8645,314.6,2.7,1.6,2009-02-07,1235,Terra,MODIS,62,6.2,287.4,49.6,N,0
-38.3088,146.6116,355.2,2.4,1.5,2009-02-07,1235,Terra,MODIS,100,6.2,293.8,260.6,N,0
-38.3418,146.5306,325.2,2.4,1.5,2009-02-07,1235,Terra,MODIS,53,6.2,292.6,67.5,N,0
-38.3082,146.5194,330.9,2.4,1.5,2009-02-07,1235,Terra,MODIS,100,6.2,292.9,97.4,N,0
-37.913,145.7341,325.7,2.7,1.6,2009-02-07,1235,Terra,MODIS,100,6.2,288.1,101.3,N,0
-38.3398,146.5607,320,2.4,1.5,2009-02-07,1235,Terra,MODIS,0,6.2,291.7,48,N,0
-37.946,145.706,323.4,2.7,1.6,2009-02-07,1235,Terra,MODIS,0,6.2,288.6,82.3,N,0
-38.3022,146.6041,350,2.4,1.5,2009-02-07,1235,Terra,MODIS,100,6.2,293.2,209.9,N,0
-38.3101,146.4918,328,2.5,1.5,2009-02-07,1235,Terra,MODIS,95,6.2,291.8,82.9,N,0
-36.0836,149.6837,310.8,1.5,1.2,2009-02-07,1235,Terra,MODIS,78,6.2,300.2,8.5,N,0
-38.3573,146.5056,320,2.5,1.5,2009-02-07,1235,Terra,MODIS,0,6.2,291.7,48.6,N,0
-37.923,145.8014,311.4,2.7,1.6,2009-02-07,1235,Terra,MODIS,61,6.2,287.3,40.4,N,0
-37.917,145.7062,319.3,2.7,1.6,2009-02-07,1235,Terra,MODIS,98,6.2,286.2,70.4,N,0
-37.9442,145.701,324.8,2.7,1.6,2009-02-07,1235,Terra,MODIS,87,6.2,288.6,92,N,0
-37.9356,145.8297,316.3,2.7,1.6,2009-02-07,1235,Terra,MODIS,23,6.2,285.6,53.7,N,0
-38.3125,146.555,338.6,2.4,1.5,2009-02-07,1235,Terra,MODIS,100,6.2,294.3,136.3,N,0
-38.3298,146.5014,331.9,2.5,1.5,2009-02-07,1235,Terra,MODIS,99,6.2,293.2,103.5,N,0
-38.0108,145.8772,325.5,2.7,1.6,2009-02-07,1235,Terra,MODIS,0,6.2,288,94.4,N,0
-37.9791,145.8707,327.5,2.7,1.6,2009-02-07,1235,Terra,MODIS,46,6.2,289.2,105.7,N,0
-38.3262,146.5576,334.8,2.4,1.5,2009-02-07,1235,Terra,MODIS,100,6.2,293.4,114.2,N,0
-38.5275,146.6452,305.1,2.4,1.5,2009-02-07,1235,Terra,MODIS,4,6.2,290,17.7,N,0
-37.952,145.8006,323.6,2.7,1.6,2009-02-07,1235,Terra,MODIS,0,6.2,286,77.9,N,0
-38.3042,146.5763,353.4,2.4,1.5,2009-02-07,1235,Terra,MODIS,100,6.2,296.3,243.5,N,0
-38.2964,146.4896,312.7,2.5,1.5,2009-02-07,1235,Terra,MODIS,13,6.2,289,32.1,N,0
-37.9152,145.7007,310.4,2.7,1.6,2009-02-07,1235,Terra,MODIS,80,6.2,284.7,42.6,N,0
-37.9296,145.7028,322.4,2.7,1.6,2009-02-07,1235,Terra,MODIS,100,6.2,288.2,84.4,N,0
-37.963,145.8976,319.8,2.7,1.6,2009-02-07,1235,Terra,MODIS,70,6.2,288,69.5,N,0
-38.3357,146.5231,325.3,2.4,1.5,2009-02-07,1235,Terra,MODIS,82,6.2,292.9,68,N,0
-38.3219,146.521,334.2,2.4,1.5,2009-02-07,1235,Terra,MODIS,100,6.2,293.6,109.3,N,0
-37.9487,145.8959,315.4,2.7,1.6,2009-02-07,1235,Terra,MODIS,33,6.2,288.7,52.6,N,0
-36.0851,149.6683,319.5,1.5,1.2,2009-02-07,1235,Terra,MODIS,99,6.2,299.8,22.1,N,0
-38.3295,146.6081,334.6,2.4,1.5,2009-02-07,1235,Terra,MODIS,88,6.2,292.6,122.1,N,0
-37.9965,145.8766,320,2.7,1.6,2009-02-07,1235,Terra,MODIS,0,6.2,288.7,70,N,0
-38.3179,146.5781,332.5,2.4,1.5,2009-02-07,1235,Terra,MODIS,100,6.2,293.1,108.3,N,0
-38.0244,145.8391,322.1,2.7,1.6,2009-02-07,1235,Terra,MODIS,68,6.2,285.3,81.8,N,0
-38.2925,146.5454,342.3,2.4,1.5,2009-02-07,1235,Terra,MODIS,100,6.2,291.4,159.2,N,0
-38.3259,146.4645,323.3,2.5,1.5,2009-02-07,1235,Terra,MODIS,96,6.2,289.3,66,N,0
-36.4491,146.6796,341.5,2.3,1.5,2009-02-07,1235,Terra,MODIS,100,6.2,295.1,136.3,N,0
-37.5812,145.3258,324.9,2.9,1.6,2009-02-07,1235,Terra,MODIS,0,6.2,290.1,88.8,N,0
-37.5959,145.3272,323.4,2.9,1.6,2009-02-07,1235,Terra,MODIS,0,6.2,290.8,85.2,N,0
-37.5941,145.3593,324.1,2.8,1.6,2009-02-07,1235,Terra,MODIS,36,6.2,287.9,86.8,N,0
-37.6107,145.3284,323.5,2.9,1.6,2009-02-07,1235,Terra,MODIS,0,6.2,290.3,82.7,N,0
-37.6088,145.3599,330,2.8,1.6,2009-02-07,1235,Terra,MODIS,58,6.2,288.5,111.4,N,0
-37.6255,145.3291,319.1,2.9,1.6,2009-02-07,1235,Terra,MODIS,21,6.2,290.2,63.6,N,0
-37.6235,145.3611,333.7,2.8,1.6,2009-02-07,1235,Terra,MODIS,86,6.2,290.5,135.4,N,0
-37.6678,145.3631,312.2,2.8,1.6,2009-02-07,1235,Terra,MODIS,37,6.2,289.2,41.2,N,0
-37.6682,145.3698,313.1,2.8,1.6,2009-02-07,1235,Terra,MODIS,86,6.2,289.1,48,N,0
-37.3728,145.7709,338,2.7,1.6,2009-02-07,1235,Terra,MODIS,88,6.2,285.3,143.2,N,0
-37.3871,145.7714,368.7,2.7,1.6,2009-02-07,1235,Terra,MODIS,100,6.2,279.7,446.8,N,0
-37.4012,145.775,333.2,2.7,1.6,2009-02-07,1235,Terra,MODIS,70,6.2,267.9,117.2,N,0
-37.3755,145.7767,341,2.7,1.6,2009-02-07,1235,Terra,MODIS,97,6.2,285,166.6,N,0
-37.3898,145.7778,374.8,2.7,1.6,2009-02-07,1235,Terra,MODIS,100,6.2,279.4,539.8,N,0
-37.404,145.7812,327.2,2.7,1.6,2009-02-07,1235,Terra,MODIS,83,6.2,266.3,95.4,N,0
-37.5904,145.8395,325.9,2.7,1.6,2009-02-07,1235,Terra,MODIS,76,6.2,282.3,84.2,N,0
-37.5936,145.8447,333.9,2.7,1.6,2009-02-07,1235,Terra,MODIS,73,6.2,281.8,140.3,N,0
-37.6079,145.8453,334.7,2.7,1.6,2009-02-07,1235,Terra,MODIS,53,6.2,280.5,140.4,N,0
-37.3505,145.6714,323.6,2.7,1.6,2009-02-07,1235,Terra,MODIS,0,6.2,272.9,96.4,N,0
-37.4058,145.2621,322.1,2.9,1.6,2009-02-07,1235,Terra,MODIS,0,6.2,282.4,85.5,N,0
-37.4206,145.2626,326.4,2.9,1.6,2009-02-07,1235,Terra,MODIS,0,6.2,284.6,101.6,N,0
-37.4184,145.2972,342.6,2.9,1.6,2009-02-07,1235,Terra,MODIS,100,6.2,284.6,209,N,0
-37.4374,145.2319,330.6,2.9,1.6,2009-02-07,1235,Terra,MODIS,57,6.2,281,128.7,N,0
-37.4353,145.2642,357.1,2.9,1.6,2009-02-07,1235,Terra,MODIS,100,6.2,290.7,356.2,N,0
-37.4331,145.2982,355.5,2.9,1.6,2009-02-07,1235,Terra,MODIS,100,6.2,289.5,333.2,N,0
-37.4566,145.1651,322.5,2.9,1.6,2009-02-07,1235,Terra,MODIS,0,6.2,282.8,73.1,N,0
-37.4543,145.2004,323.3,2.9,1.6,2009-02-07,1235,Terra,MODIS,0,6.2,281.6,79.9,N,0
-37.4522,145.2335,329.2,2.9,1.6,2009-02-07,1235,Terra,MODIS,18,6.2,284.8,114.5,N,0
-37.45,145.2664,366.6,2.9,1.6,2009-02-07,1235,Terra,MODIS,100,6.2,293.7,475.8,N,0
-37.4478,145.2999,354.6,2.9,1.6,2009-02-07,1235,Terra,MODIS,100,6.2,290.2,317,N,0
-37.4056,145.2671,323.3,2.9,1.6,2009-02-07,1235,Terra,MODIS,0,6.2,283.9,85.2,N,0
-37.4205,145.2676,330.5,2.9,1.6,2009-02-07,1235,Terra,MODIS,49,6.2,286.7,120.1,N,0
-37.4184,145.3025,348.7,2.9,1.6,2009-02-07,1235,Terra,MODIS,100,6.2,283.3,259.8,N,0
-37.4389,145.2065,322.2,2.9,1.6,2009-02-07,1235,Terra,MODIS,0,6.2,276.8,76,N,0
-37.4371,145.2368,334,2.9,1.6,2009-02-07,1235,Terra,MODIS,59,6.2,283.6,145.2,N,0
-37.4352,145.2693,358.7,2.9,1.6,2009-02-07,1235,Terra,MODIS,100,6.2,291.7,367,N,0
-37.4332,145.3034,352,2.9,1.6,2009-02-07,1235,Terra,MODIS,100,6.2,287.7,288,N,0
-37.4559,145.1704,322.4,2.9,1.6,2009-02-07,1235,Terra,MODIS,0,6.2,283.2,77.2,N,0
-37.4538,145.2059,324.4,2.9,1.6,2009-02-07,1235,Terra,MODIS,0,6.2,281.5,86.9,N,0
-37.4519,145.2386,339.4,2.9,1.6,2009-02-07,1235,Terra,MODIS,60,6.2,287.1,182.7,N,0
-37.4499,145.2716,379.7,2.9,1.6,2009-02-07,1235,Terra,MODIS,100,6.2,294.4,687.8,N,0
-37.4479,145.3053,351.7,2.9,1.6,2009-02-07,1235,Terra,MODIS,100,6.2,287.6,283.1,N,0
-37.4729,145.1359,306.5,2.9,1.6,2009-02-07,1235,Terra,MODIS,19,6.2,281.3,26.9,N,0
-37.4687,145.206,321.6,2.9,1.6,2009-02-07,1235,Terra,MODIS,0,6.2,284,74.1,N,0
-37.4646,145.2734,322,2.9,1.6,2009-02-07,1235,Terra,MODIS,0,6.2,287.8,74.7,N,0
-37.4626,145.3069,325.4,2.9,1.6,2009-02-07,1235,Terra,MODIS,0,6.2,284.3,89,N,0
-37.4836,145.2071,318.4,2.9,1.6,2009-02-07,1235,Terra,MODIS,11,6.2,285.4,63.5,N,0
-37.6323,145.4594,324.3,2.8,1.6,2009-02-07,1235,Terra,MODIS,35,6.2,290.5,85,N,0
-37.0487,144.5392,316,3.2,1.7,2009-02-07,1235,Terra,MODIS,88,6.2,291.6,61.1,N,0
-37.0447,144.5454,315.8,3.2,1.7,2009-02-07,1235,Terra,MODIS,66,6.2,291.5,59.4,N,0
-37.0601,144.5468,315.2,3.2,1.7,2009-02-07,1235,Terra,MODIS,84,6.2,291.5,56.7,N,0
-37.1041,144.5887,312.8,3.1,1.7,2009-02-07,1235,Terra,MODIS,48,6.2,290.8,49.3,N,0
-37.1019,144.6249,315.8,3.1,1.7,2009-02-07,1235,Terra,MODIS,69,6.2,291.1,61.9,N,0
-37.1194,144.5905,315.3,3.1,1.7,2009-02-07,1235,Terra,MODIS,84,6.2,290.7,62.1,N,0
-37.1159,144.5953,322.2,3.1,1.7,2009-02-07,1235,Terra,MODIS,100,6.2,291,93.7,N,0
-37.5515,145.3182,323,2.9,1.6,2009-02-07,1235,Terra,MODIS,0,6.2,287,80.3,N,0
-37.5366,145.3188,322.8,2.9,1.6,2009-02-07,1235,Terra,MODIS,0,6.2,285,82.9,N,0
-37.5408,145.2495,318.8,2.9,1.6,2009-02-07,1235,Terra,MODIS,23,6.2,290.1,62.7,N,0
-37.524,145.2822,322.2,2.9,1.6,2009-02-07,1235,Terra,MODIS,0,6.2,287.6,72.5,N,0
-37.5259,145.2498,323,2.9,1.6,2009-02-07,1235,Terra,MODIS,0,6.2,291.1,80.4,N,0
-37.5278,145.217,322.3,2.9,1.6,2009-02-07,1235,Terra,MODIS,77,6.2,290.5,80.3,N,0
-37.5091,145.2826,320.5,2.9,1.6,2009-02-07,1235,Terra,MODIS,0,6.2,284.8,61.8,N,0
-37.511,145.2504,327.5,2.9,1.6,2009-02-07,1235,Terra,MODIS,0,6.2,291.2,102,N,0
-37.5129,145.2172,321.1,2.9,1.6,2009-02-07,1235,Terra,MODIS,0,6.2,290.5,71.6,N,0
-37.4961,145.2494,321.9,2.9,1.6,2009-02-07,1235,Terra,MODIS,0,6.2,290.2,71.3,N,0
-37.5365,145.3107,322.3,2.9,1.6,2009-02-07,1235,Terra,MODIS,0,6.2,285.1,78,N,0
-37.524,145.275,321.6,2.9,1.6,2009-02-07,1235,Terra,MODIS,0,6.2,288.7,69.6,N,0
-37.526,145.2439,322.6,2.9,1.6,2009-02-07,1235,Terra,MODIS,0,6.2,291.1,78.2,N,0
-37.5281,145.2099,319.5,2.9,1.6,2009-02-07,1235,Terra,MODIS,14,6.2,289.8,67,N,0
-37.5091,145.2756,322.6,2.9,1.6,2009-02-07,1235,Terra,MODIS,0,6.2,286.5,73.4,N,0
-37.5111,145.2437,326.7,2.9,1.6,2009-02-07,1235,Terra,MODIS,0,6.2,291.1,97.9,N,0
-37.4963,145.2423,322,2.9,1.6,2009-02-07,1235,Terra,MODIS,0,6.2,290.2,76.1,N,0
-37.5663,145.319,323.3,2.9,1.6,2009-02-07,1235,Terra,MODIS,0,6.2,289.4,83.7,N,0
-37.5832,145.286,312.2,2.9,1.6,2009-02-07,1235,Terra,MODIS,31,6.2,289.6,40.8,N,0
-37.581,145.3205,324.3,2.9,1.6,2009-02-07,1235,Terra,MODIS,56,6.2,290,87.4,N,0
-37.579,145.353,321,2.8,1.6,2009-02-07,1235,Terra,MODIS,0,6.2,284.1,71.7,N,0
-37.5958,145.3215,320.7,2.9,1.6,2009-02-07,1235,Terra,MODIS,42,6.2,290.5,75.6,N,0
-37.5937,145.3545,325,2.8,1.6,2009-02-07,1235,Terra,MODIS,0,6.2,288.4,92.5,N,0
-37.6105,145.3228,316.3,2.9,1.6,2009-02-07,1235,Terra,MODIS,51,6.2,289.8,58.2,N,0
-37.6084,145.3551,333.4,2.8,1.6,2009-02-07,1235,Terra,MODIS,0,6.2,289.3,136.6,N,0
-37.6253,145.3237,312.8,2.9,1.6,2009-02-07,1235,Terra,MODIS,30,6.2,289.7,40.7,N,0
-37.6232,145.3561,331,2.8,1.6,2009-02-07,1235,Terra,MODIS,62,6.2,290.8,118.1,N,0
-37.6211,145.3872,320.9,2.8,1.6,2009-02-07,1235,Terra,MODIS,0,6.2,284.4,63.9,N,0
-37.7917,145.9943,307.5,2.6,1.6,2009-02-07,1235,Terra,MODIS,50,6.2,286.9,41.2,N,0
-37.5793,145.8441,326.8,2.7,1.6,2009-02-07,1235,Terra,MODIS,0,6.2,284.6,99.7,N,0
-37.5648,145.8452,337.9,2.7,1.6,2009-02-07,1235,Terra,MODIS,0,6.2,289,160.9,N,0
-37.5669,145.8124,336.1,2.7,1.6,2009-02-07,1235,Terra,MODIS,0,6.2,286.8,149,N,0
-37.5506,145.8432,354.9,2.7,1.6,2009-02-07,1235,Terra,MODIS,84,6.2,290.5,298.5,N,0
-37.5526,145.8113,338.4,2.7,1.6,2009-02-07,1235,Terra,MODIS,0,6.2,290.4,166.3,N,0
-37.5761,145.8385,327.5,2.7,1.6,2009-02-07,1235,Terra,MODIS,0,6.2,285.9,101.5,N,0
-37.5597,145.869,328.4,2.6,1.6,2009-02-07,1235,Terra,MODIS,40,6.2,280.7,104.6,N,0
-37.5617,145.8387,343.1,2.7,1.6,2009-02-07,1235,Terra,MODIS,100,6.2,290.2,187.8,N,0
-37.5639,145.8072,335.1,2.7,1.6,2009-02-07,1235,Terra,MODIS,35,6.2,286.9,143.4,N,0
-37.5475,145.8371,350,2.7,1.6,2009-02-07,1235,Terra,MODIS,100,6.2,290.2,252.9,N,0
-37.5496,145.8057,334.6,2.7,1.6,2009-02-07,1235,Terra,MODIS,33,6.2,288,143.2,N,0
-37.5332,145.8364,339.1,2.7,1.6,2009-02-07,1235,Terra,MODIS,75,6.2,287.7,173.1,N,0
-37.5353,145.8044,340.6,2.7,1.6,2009-02-07,1235,Terra,MODIS,100,6.2,284.5,181.8,N,0
-37.519,145.8344,389.3,2.7,1.6,2009-02-07,1235,Terra,MODIS,100,6.2,286.3,806.8,N,0
-37.5211,145.8018,368.3,2.7,1.6,2009-02-07,1235,Terra,MODIS,100,6.2,290.2,458.1,N,0
-37.5233,145.7676,328.2,2.7,1.6,2009-02-07,1235,Terra,MODIS,72,6.2,274.9,111.5,N,0
-37.5071,145.7965,335.1,2.7,1.6,2009-02-07,1235,Terra,MODIS,96,6.2,267,146.6,N,0
-37.5091,145.7642,328,2.7,1.6,2009-02-07,1235,Terra,MODIS,71,6.2,274.2,113.1,N,0
-37.5064,145.7564,315,2.7,1.6,2009-02-07,1235,Terra,MODIS,56,6.2,268.1,60.2,N,0
-37.5831,145.2914,315.4,2.9,1.6,2009-02-07,1235,Terra,MODIS,74,6.2,290,53.2,N,0
-36.5162,146.7518,320.7,2.3,1.5,2009-02-07,1235,Terra,MODIS,0,6.2,287.8,58.1,N,0
-36.518,146.7272,320,2.3,1.5,2009-02-07,1235,Terra,MODIS,0,6.2,294.7,54.1,N,0
-36.5067,146.6992,318.4,2.3,1.5,2009-02-07,1235,Terra,MODIS,9,6.2,283,41.3,N,0
-36.5203,146.7458,320.8,2.3,1.5,2009-02-07,1235,Terra,MODIS,0,6.2,292.3,47.9,N,0
-36.507,146.7449,324.9,2.3,1.5,2009-02-07,1235,Terra,MODIS,0,6.2,287.8,61.6,N,0
-36.5089,146.7208,324.1,2.3,1.5,2009-02-07,1235,Terra,MODIS,0,6.2,293.5,60.4,N,0
-37.4389,145.6857,319.7,2.7,1.6,2009-02-07,1235,Terra,MODIS,39,6.2,279.4,69.7,N,0
-37.4226,145.7153,337.9,2.7,1.6,2009-02-07,1235,Terra,MODIS,84,6.2,279.4,162.2,N,0
-37.4245,145.6846,336.7,2.7,1.6,2009-02-07,1235,Terra,MODIS,68,6.2,288.1,162.2,N,0
-37.4083,145.7133,334.2,2.7,1.6,2009-02-07,1235,Terra,MODIS,70,6.2,276.2,138.1,N,0
-37.4102,145.6831,338.5,2.7,1.6,2009-02-07,1235,Terra,MODIS,73,6.2,283.5,173.4,N,0
-37.3918,145.7463,325.5,2.7,1.6,2009-02-07,1235,Terra,MODIS,51,6.2,268.1,83.6,N,0
-37.3939,145.7117,327.8,2.7,1.6,2009-02-07,1235,Terra,MODIS,48,6.2,270.8,100.5,N,0
-37.3775,145.744,345.1,2.7,1.6,2009-02-07,1235,Terra,MODIS,100,6.2,279.2,197.5,N,0
-37.3796,145.7104,336.3,2.7,1.6,2009-02-07,1235,Terra,MODIS,60,6.2,275,149.1,N,0
-37.4202,145.7093,335.4,2.7,1.6,2009-02-07,1235,Terra,MODIS,42,6.2,283.3,149.3,N,0
-37.4223,145.6796,334.3,2.7,1.6,2009-02-07,1235,Terra,MODIS,0,6.2,289.3,145.6,N,0
-37.4059,145.7076,337.8,2.7,1.6,2009-02-07,1235,Terra,MODIS,54,6.2,277.3,157.3,N,0
-37.4079,145.6784,334.1,2.7,1.6,2009-02-07,1235,Terra,MODIS,0,6.2,279.6,144.2,N,0
-37.3892,145.7407,326.2,2.7,1.6,2009-02-07,1235,Terra,MODIS,53,6.2,269.9,80.1,N,0
-37.3915,145.7061,325,2.7,1.6,2009-02-07,1235,Terra,MODIS,8,6.2,271.2,88,N,0
-37.3749,145.7389,349.6,2.7,1.6,2009-02-07,1235,Terra,MODIS,98,6.2,281,245.7,N,0
-37.3772,145.7046,331.3,2.7,1.6,2009-02-07,1235,Terra,MODIS,30,6.2,273.9,124.6,N,0
-37.3606,145.7371,324.9,2.7,1.6,2009-02-07,1235,Terra,MODIS,0,6.2,276.5,82.6,N,0
-37.3629,145.7029,324.1,2.7,1.6,2009-02-07,1235,Terra,MODIS,0,6.2,272.4,85.3,N,0
-37.3999,145.8463,315.9,2.6,1.6,2009-02-07,1235,Terra,MODIS,66,6.2,277.9,44.4,N,0
-37.4017,145.8171,361.4,2.7,1.6,2009-02-07,1235,Terra,MODIS,100,6.2,276.4,358.6,N,0
-37.3875,145.8155,358.2,2.7,1.6,2009-02-07,1235,Terra,MODIS,100,6.2,288,320.4,N,0
-37.3732,145.8145,321.7,2.7,1.6,2009-02-07,1235,Terra,MODIS,0,6.2,287.9,63.3,N,0
-37.3966,145.841,339.5,2.6,1.6,2009-02-07,1235,Terra,MODIS,100,6.2,286.1,163.1,N,0
-36.4651,146.7679,326.8,2.3,1.5,2009-02-07,1235,Terra,MODIS,0,6.2,295.3,71.9,N,0
-36.4518,146.7678,319.7,2.3,1.5,2009-02-07,1235,Terra,MODIS,94,6.2,294,37.8,N,0
-36.4384,146.7673,313.1,2.3,1.5,2009-02-07,1235,Terra,MODIS,33,6.2,290.1,19.6,N,0
-36.4424,146.7625,318,2.3,1.5,2009-02-07,1235,Terra,MODIS,30,6.2,292.4,32.9,N,0
-37.4898,145.6096,321.2,2.7,1.6,2009-02-07,1235,Terra,MODIS,36,6.2,289.6,76.2,N,0
-37.4753,145.608,327,2.7,1.6,2009-02-07,1235,Terra,MODIS,77,6.2,290.3,104.1,N,0
-37.3987,145.8111,372.1,2.7,1.6,2009-02-07,1235,Terra,MODIS,100,6.2,280.4,494.6,N,0
-37.4879,145.6027,321.9,2.7,1.6,2009-02-07,1235,Terra,MODIS,49,6.2,289.7,79.8,N,0
-37.4735,145.5994,325.9,2.7,1.6,2009-02-07,1235,Terra,MODIS,0,6.2,290.5,93.1,N,0
-37.459,145.5983,323.1,2.7,1.6,2009-02-07,1235,Terra,MODIS,0,6.2,288.9,85.4,N,0
-37.4407,145.6586,328.4,2.7,1.6,2009-02-07,1235,Terra,MODIS,47,6.2,285.2,117.5,N,0
-37.4446,145.5959,310.4,2.7,1.6,2009-02-07,1235,Terra,MODIS,12,6.2,277.9,47.6,N,0
-37.4262,145.658,332.1,2.7,1.6,2009-02-07,1235,Terra,MODIS,51,6.2,283.6,138.3,N,0
-37.4118,145.6568,336.7,2.7,1.6,2009-02-07,1235,Terra,MODIS,78,6.2,282.9,163.2,N,0
-37.4135,145.6288,322.7,2.7,1.6,2009-02-07,1235,Terra,MODIS,61,6.2,276,91.1,N,0
-37.3992,145.6261,338.2,2.7,1.6,2009-02-07,1235,Terra,MODIS,100,6.2,279.9,181.4,N,0
-37.3832,145.651,323.5,2.7,1.6,2009-02-07,1235,Terra,MODIS,82,6.2,271.2,91.8,N,0
-37.424,145.6535,322.3,2.7,1.6,2009-02-07,1235,Terra,MODIS,0,6.2,281.6,84.4,N,0
-37.3845,145.8091,356.3,2.7,1.6,2009-02-07,1235,Terra,MODIS,100,6.2,288.1,297.4,N,0
-37.4096,145.6523,334.9,2.7,1.6,2009-02-07,1235,Terra,MODIS,77,6.2,280.9,156.5,N,0
-37.3953,145.6493,324.2,2.7,1.6,2009-02-07,1235,Terra,MODIS,35,6.2,275.2,99.3,N,0
-37.3972,145.6207,334.3,2.7,1.6,2009-02-07,1235,Terra,MODIS,48,6.2,278.4,153.8,N,0
-37.3811,145.6462,321.9,2.7,1.6,2009-02-07,1235,Terra,MODIS,0,6.2,270.9,83.4,N,0
-37.3706,145.5842,322.9,2.7,1.6,2009-02-07,1235,Terra,MODIS,9,6.2,274.2,92.2,N,0
-37.3702,145.8085,321.3,2.7,1.6,2009-02-07,1235,Terra,MODIS,0,6.2,287.9,61.1,N,0
-36.467,146.7426,386,2.3,1.5,2009-02-07,1235,Terra,MODIS,100,6.2,297.9,580.1,N,0
-36.4689,146.7181,360.8,2.3,1.5,2009-02-07,1235,Terra,MODIS,100,6.2,295.6,281.6,N,0
-36.4711,146.6887,331,2.3,1.5,2009-02-07,1235,Terra,MODIS,54,6.2,294.9,85,N,0
-36.4536,146.7429,394.4,2.3,1.5,2009-02-07,1235,Terra,MODIS,100,6.2,300.2,714.5,N,0
-36.4557,146.7154,399,2.3,1.5,2009-02-07,1235,Terra,MODIS,100,6.2,300.1,803.2,N,0
-36.4579,146.6863,342.5,2.3,1.5,2009-02-07,1235,Terra,MODIS,93,6.2,295.4,141,N,0
-36.4599,146.6595,325.4,2.3,1.5,2009-02-07,1235,Terra,MODIS,0,6.2,293,64,N,0
-36.4403,146.7424,366.2,2.3,1.5,2009-02-07,1235,Terra,MODIS,100,6.2,294.9,324.6,N,0
-36.4424,146.7141,417.7,2.3,1.5,2009-02-07,1235,Terra,MODIS,100,6.2,303.9,1226,N,0
-36.4446,146.6846,359,2.3,1.5,2009-02-07,1235,Terra,MODIS,100,6.2,294.3,260.6,N,0
-36.4465,146.6579,330.7,2.3,1.5,2009-02-07,1235,Terra,MODIS,86,6.2,289.1,86.4,N,0
-36.427,146.7409,316.2,2.3,1.5,2009-02-07,1235,Terra,MODIS,73,6.2,281.7,29.1,N,0
-36.4291,146.7122,367.8,2.3,1.5,2009-02-07,1235,Terra,MODIS,100,6.2,282.4,342.4,N,0
-36.4312,146.6831,348.3,2.3,1.5,2009-02-07,1235,Terra,MODIS,100,6.2,286.5,178.4,N,0
-36.4332,146.6564,323.3,2.3,1.5,2009-02-07,1235,Terra,MODIS,71,6.2,276.5,51.1,N,0
-36.4157,146.7121,337.3,2.3,1.5,2009-02-07,1235,Terra,MODIS,100,6.2,282.2,114.9,N,0
-36.4178,146.6833,347.2,2.3,1.5,2009-02-07,1235,Terra,MODIS,100,6.2,288.1,171.7,N,0
-36.4444,146.7374,385.3,2.3,1.5,2009-02-07,1235,Terra,MODIS,100,6.2,300.7,560.9,N,0
-36.4467,146.7085,395.6,2.3,1.5,2009-02-07,1235,Terra,MODIS,100,6.2,301.6,734.8,N,0
-36.4311,146.736,355.6,2.3,1.5,2009-02-07,1235,Terra,MODIS,100,6.2,287.6,229.1,N,0
-36.4335,146.7065,387.9,2.3,1.5,2009-02-07,1235,Terra,MODIS,100,6.2,288.9,605.5,N,0
-36.4358,146.6781,345.8,2.3,1.5,2009-02-07,1235,Terra,MODIS,100,6.2,287.5,162.3,N,0
-36.4201,146.7059,346.1,2.3,1.5,2009-02-07,1235,Terra,MODIS,100,6.2,283.6,164.2,N,0
-36.4224,146.6774,340.3,2.3,1.5,2009-02-07,1235,Terra,MODIS,100,6.2,283.2,127.9,N,0
-36.4067,146.7057,324.3,2.3,1.5,2009-02-07,1235,Terra,MODIS,100,6.2,288.6,59.9,N,0
-36.4089,146.6782,323.7,2.3,1.5,2009-02-07,1235,Terra,MODIS,52,6.2,291.9,58.4,N,0
-37.3908,145.5235,312.7,2.8,1.6,2009-02-07,1235,Terra,MODIS,27,6.2,282.8,50.4,N,0
-37.3584,145.5469,324.1,2.8,1.6,2009-02-07,1235,Terra,MODIS,24,6.2,279.5,91.5,N,0
-36.503,146.7506,320.2,2.3,1.5,2009-02-07,1235,Terra,MODIS,0,6.2,281.9,51.5,N,0
-36.5047,146.727,329.6,2.3,1.5,2009-02-07,1235,Terra,MODIS,0,6.2,293.8,88,N,0
-36.4937,146.7434,340.2,2.3,1.5,2009-02-07,1235,Terra,MODIS,74,6.2,287.9,133.6,N,0
-36.4956,146.7194,333.3,2.3,1.5,2009-02-07,1235,Terra,MODIS,75,6.2,291.6,100.2,N,0
-36.4784,146.7683,349.4,2.3,1.5,2009-02-07,1235,Terra,MODIS,83,6.2,285.1,188.5,N,0
-36.4804,146.7426,378.5,2.3,1.5,2009-02-07,1235,Terra,MODIS,100,6.2,293,475,N,0
-36.4822,146.7193,342,2.3,1.5,2009-02-07,1235,Terra,MODIS,83,6.2,290.9,144.3,N,0
-36.4843,146.6918,321.8,2.3,1.5,2009-02-07,1235,Terra,MODIS,46,6.2,282.2,50.2,N,0
-36.4512,146.6531,327.8,2.3,1.5,2009-02-07,1235,Terra,MODIS,100,6.2,288.1,73.8,N,0
-36.4379,146.6516,324.5,2.3,1.5,2009-02-07,1235,Terra,MODIS,96,6.2,280.9,55.3,N,0
-38.5146,146.722,334.9,2.4,1.5,2009-02-07,1235,Terra,MODIS,100,6.2,292.2,117.6,N,0
-38.4989,146.7484,312.1,2.4,1.5,2009-02-07,1235,Terra,MODIS,50,6.2,289.4,35,N,0
-38.5125,146.7501,381.9,2.4,1.5,2009-02-07,1235,Terra,MODIS,100,6.2,296.2,562.6,N,0
-38.3255,146.6629,329.9,2.4,1.5,2009-02-07,1235,Terra,MODIS,93,6.2,288.8,102.4,N,0
-38.3324,146.6707,331,2.4,1.5,2009-02-07,1235,Terra,MODIS,88,6.2,286.5,110.6,N,0
-38.3052,146.6672,318,2.4,1.5,2009-02-07,1235,Terra,MODIS,74,6.2,286,55.8,N,0
-38.3188,146.6686,335.3,2.4,1.5,2009-02-07,1235,Terra,MODIS,100,6.2,288.4,131.4,N,0
-38.3391,146.6651,322.1,2.4,1.5,2009-02-07,1235,Terra,MODIS,36,6.2,286.3,74.2,N,0
-38.3235,146.6907,312.6,2.4,1.5,2009-02-07,1235,Terra,MODIS,16,6.2,284.1,44.2,N,0
-38.5587,146.7886,311.5,2.4,1.5,2009-02-07,1235,Terra,MODIS,75,6.2,290.2,32.5,N,0
-38.5198,146.7573,356.4,2.4,1.5,2009-02-07,1235,Terra,MODIS,100,6.2,293.4,264.5,N,0
-38.5217,146.7298,344,2.4,1.5,2009-02-07,1235,Terra,MODIS,100,6.2,292.6,170.5,N,0
-38.5237,146.7014,312.4,2.4,1.5,2009-02-07,1235,Terra,MODIS,35,6.2,290,29.7,N,0
-38.5062,146.7563,371.2,2.4,1.5,2009-02-07,1235,Terra,MODIS,100,6.2,292.2,419.1,N,0
-38.5081,146.7281,344.4,2.4,1.5,2009-02-07,1235,Terra,MODIS,100,6.2,291.4,173.9,N,0
-38.51,146.6997,313.4,2.4,1.5,2009-02-07,1235,Terra,MODIS,48,6.2,289.1,33,N,0
-38.501,146.7201,312.8,2.4,1.5,2009-02-07,1235,Terra,MODIS,42,6.2,288.8,35.3,N,0
-38.3119,146.6615,348.2,2.4,1.5,2009-02-07,1235,Terra,MODIS,100,6.2,289.5,208.1,N,0
-38.5105,146.7772,317.3,2.4,1.5,2009-02-07,1235,Terra,MODIS,88,6.2,288,50.3,N,0
-32.7654,150.5533,310.3,1.2,1.1,2009-02-07,1236,Terra,MODIS,38,6.2,295,9.8,N,0
-32.7639,150.5661,315.2,1.2,1.1,2009-02-07,1236,Terra,MODIS,58,6.2,296.1,14.4,N,0
-32.7426,150.5757,311.8,1.2,1.1,2009-02-07,1236,Terra,MODIS,81,6.2,295.3,11.2,N,0
-32.7441,150.5627,305.8,1.2,1.1,2009-02-07,1236,Terra,MODIS,20,6.2,294.8,6.1,N,0
-32.7609,150.5919,313.3,1.2,1.1,2009-02-07,1236,Terra,MODIS,67,6.2,295.9,12.6,N,0
-32.754,150.5646,316.7,1.2,1.1,2009-02-07,1236,Terra,MODIS,70,6.2,296.3,16,N,0
-32.7525,150.5775,318.4,1.2,1.1,2009-02-07,1236,Terra,MODIS,86,6.2,296.3,17.2,N,0
-32.751,150.5903,315.6,1.2,1.1,2009-02-07,1236,Terra,MODIS,65,6.2,296.4,14.6,N,0
-33.3124,151.2418,326.2,1.1,1.1,2009-02-07,1236,Terra,MODIS,100,6.2,296.4,28.4,N,0
-33.3109,151.2541,317.8,1.1,1.1,2009-02-07,1236,Terra,MODIS,96,6.2,296,17.8,N,0
-27.8681,149.2566,313,1.2,1.1,2009-02-07,1237,Terra,MODIS,84,6.2,298.8,12.4,N,0
-25.6707,146.6033,307.3,1.7,1.3,2009-02-07,1238,Terra,MODIS,67,6.2,297.2,10.6,N,0
-26.2582,146.6472,308.4,1.7,1.3,2009-02-07,1238,Terra,MODIS,68,6.2,298.1,11.7,N,0
-25.948,151.444,309.4,1,1,2009-02-07,1238,Terra,MODIS,77,6.2,293.3,8.4,N,0
-25.9085,150.7854,348.5,1,1,2009-02-07,1238,Terra,MODIS,100,6.2,297.2,60.9,N,0
-26.1764,150.7148,307.3,1,1,2009-02-07,1238,Terra,MODIS,67,6.2,294.8,6.9,N,0
-25.9452,151.4641,307.8,1,1,2009-02-07,1238,Terra,MODIS,73,6.2,293.3,7.2,N,0
-25.9466,151.4541,311.3,1,1,2009-02-07,1238,Terra,MODIS,82,6.2,293.4,9.9,N,0
-26.7063,149.3748,323.1,1.2,1.1,2009-02-07,1238,Terra,MODIS,100,6.2,298.1,23.3,N,0
-26.6965,149.3733,347.3,1.2,1.1,2009-02-07,1238,Terra,MODIS,100,6.2,300.7,69.3,N,0
-26.698,149.3614,328.1,1.2,1.1,2009-02-07,1238,Terra,MODIS,100,6.2,298.3,30.4,N,0
-26.7122,149.3271,309.4,1.2,1.1,2009-02-07,1238,Terra,MODIS,75,6.2,296.8,8.8,N,0
-26.6867,149.3717,313.6,1.2,1.1,2009-02-07,1238,Terra,MODIS,86,6.2,296.9,12.3,N,0
-26.6882,149.3598,309.7,1.2,1.1,2009-02-07,1238,Terra,MODIS,76,6.2,296.9,8.5,N,0
-25.919,150.7765,308.4,1,1,2009-02-07,1238,Terra,MODIS,74,6.2,295.2,7.6,N,0
-25.9098,150.7749,325.4,1,1,2009-02-07,1238,Terra,MODIS,100,6.2,296.1,23,N,0
-25.9176,150.7868,335.5,1,1,2009-02-07,1238,Terra,MODIS,100,6.2,296.8,37.3,N,0
-25.5725,152.5923,320.6,1,1,2009-02-07,1238,Terra,MODIS,100,6.2,291.8,19,N,0
-22.7514,147.2551,312.5,1.4,1.2,2009-02-07,1239,Terra,MODIS,85,6.2,277.2,18.9,N,0
-22.7408,147.2537,318.9,1.4,1.2,2009-02-07,1239,Terra,MODIS,98,6.2,286.7,28,N,0
-23.2349,150.6143,305.6,1,1,2009-02-07,1239,Terra,MODIS,65,6.2,294.2,6.2,N,0
-30.8662,121.4897,306.2,2.1,1.4,2009-02-07,1416,Terra,MODIS,67,6.2,291.1,22.7,N,2
-27.498,127.424,306.2,1,1,2009-02-07,1416,Terra,MODIS,43,6.2,295.9,4.5,N,0
-27.2864,131.6846,314.5,1.3,1.1,2009-02-07,1416,Terra,MODIS,87,6.2,298.8,13.3,N,0
-27.2887,131.6711,310.4,1.3,1.1,2009-02-07,1416,Terra,MODIS,75,6.2,298.4,8.5,N,0
-25.9098,150.7995,300.7,2.6,1.5,2009-02-07,1552,Aqua,MODIS,32,6.2,290.3,19.4,N,0
-26.6899,149.3805,310.3,2.1,1.4,2009-02-07,1552,Aqua,MODIS,80,6.2,294.8,25.7,N,0
-26.6904,149.3752,310.9,2.1,1.4,2009-02-07,1552,Aqua,MODIS,81,6.2,294.9,26.6,N,0
-25.662,146.611,306.1,1.3,1.1,2009-02-07,1552,Aqua,MODIS,67,6.2,295.8,8.3,N,0
-33.6824,142.3786,316.7,1.1,1,2009-02-07,1554,Aqua,MODIS,93,6.2,299,13.7,N,0
-36.0877,149.6815,311.9,2.8,1.6,2009-02-07,1554,Aqua,MODIS,83,6.2,298.6,36.2,N,0
-36.089,149.6765,310.5,2.8,1.6,2009-02-07,1554,Aqua,MODIS,80,6.2,298.4,31.9,N,0
-33.6839,142.39,321.1,1.1,1,2009-02-07,1554,Aqua,MODIS,100,6.2,299.3,18.2,N,0
-38.293,146.5978,320,1.9,1.4,2009-02-07,1555,Aqua,MODIS,66,6.2,280.5,33.8,N,0
-38.3214,146.639,320.9,1.9,1.4,2009-02-07,1555,Aqua,MODIS,0,6.2,290.2,39.5,N,0
-38.309,146.6407,347.1,1.9,1.4,2009-02-07,1555,Aqua,MODIS,90,6.2,291.4,134.3,N,0
-38.3057,146.6263,338,1.9,1.4,2009-02-07,1555,Aqua,MODIS,93,6.2,289.5,93.5,N,0
-38.3072,146.6187,328.1,1.9,1.4,2009-02-07,1555,Aqua,MODIS,55,6.2,288,57,N,0
-38.2949,146.6206,328.5,1.9,1.4,2009-02-07,1555,Aqua,MODIS,58,6.2,285.2,58.7,N,0
-38.2967,146.6427,330.6,1.9,1.4,2009-02-07,1555,Aqua,MODIS,61,6.2,289,67.8,N,0
-38.2912,146.5756,378.7,1.9,1.4,2009-02-07,1555,Aqua,MODIS,100,6.2,293,373.3,N,0
-38.2894,146.5541,366.8,1.9,1.3,2009-02-07,1555,Aqua,MODIS,100,6.2,289,265.6,N,0
-38.3076,146.6483,352,1.9,1.4,2009-02-07,1555,Aqua,MODIS,100,6.2,292.1,164.4,N,0
-38.2875,146.5616,381.8,1.9,1.3,2009-02-07,1555,Aqua,MODIS,100,6.2,292.7,408.8,N,0
-37.9281,146.4038,316.7,1.9,1.3,2009-02-07,1555,Aqua,MODIS,67,6.2,288.4,36.6,N,0
-37.9249,146.4123,320.8,1.9,1.3,2009-02-07,1555,Aqua,MODIS,89,6.2,289.5,45.2,N,0
-37.9177,146.4264,313.2,1.9,1.3,2009-02-07,1555,Aqua,MODIS,29,6.2,289,27.8,N,0
-37.9145,146.4334,314.3,1.9,1.3,2009-02-07,1555,Aqua,MODIS,33,6.2,289.3,31.1,N,0
-36.9849,149.7009,304,2.9,1.6,2009-02-07,1555,Aqua,MODIS,13,6.2,291.5,18.1,N,0
-36.97,149.7014,304.1,2.9,1.6,2009-02-07,1555,Aqua,MODIS,24,6.2,291.5,18.8,N,0
-38.2998,146.56,321.8,1.9,1.3,2009-02-07,1555,Aqua,MODIS,60,6.2,285,42.8,N,0
-38.3017,146.5816,317.5,1.9,1.4,2009-02-07,1555,Aqua,MODIS,50,6.2,282.1,28.8,N,0
-38.2894,146.5832,354.1,1.9,1.4,2009-02-07,1555,Aqua,MODIS,100,6.2,287,177.1,N,0
-38.2933,146.6281,323.8,1.9,1.4,2009-02-07,1555,Aqua,MODIS,77,6.2,287.8,50.2,N,0
-38.2914,146.6056,319.5,1.9,1.4,2009-02-07,1555,Aqua,MODIS,43,6.2,281.1,36.7,N,0
-38.3252,146.6844,320.5,1.9,1.4,2009-02-07,1555,Aqua,MODIS,0,6.2,284.6,42.4,N,0
-38.3109,146.6635,330.4,1.9,1.4,2009-02-07,1555,Aqua,MODIS,32,6.2,289.5,67.4,N,0
-37.4354,145.9385,348.7,1.7,1.3,2009-02-07,1555,Aqua,MODIS,100,6.2,283.1,127.5,N,0
-37.4335,145.9174,394.4,1.7,1.3,2009-02-07,1555,Aqua,MODIS,100,6.2,297,478.1,N,0
-37.4238,145.9409,327,1.7,1.3,2009-02-07,1555,Aqua,MODIS,77,6.2,277.1,51.6,N,0
-36.5713,146.8561,326.7,1.9,1.3,2009-02-07,1555,Aqua,MODIS,100,6.2,296.2,48.5,N,0
-36.5695,146.8357,313.6,1.9,1.3,2009-02-07,1555,Aqua,MODIS,76,6.2,296.6,15.1,N,0
-37.4219,145.9197,338.2,1.7,1.3,2009-02-07,1555,Aqua,MODIS,53,6.2,287.8,81.3,N,0
-37.4121,145.9425,317.4,1.7,1.3,2009-02-07,1555,Aqua,MODIS,30,6.2,275.2,27,N,0
-37.4104,145.9228,325.7,1.7,1.3,2009-02-07,1555,Aqua,MODIS,56,6.2,278.1,43.3,N,0
-37.4278,145.9458,326.3,1.7,1.3,2009-02-07,1555,Aqua,MODIS,85,6.2,275.7,47.1,N,0
-37.4257,145.9238,365.3,1.7,1.3,2009-02-07,1555,Aqua,MODIS,100,6.2,289.8,213.8,N,0
-37.4142,145.9272,326,1.7,1.3,2009-02-07,1555,Aqua,MODIS,20,6.2,279.6,40.3,N,0
-36.4671,146.8334,311.6,1.9,1.3,2009-02-07,1555,Aqua,MODIS,20,6.2,297,13.6,N,0
-36.516,146.8273,329.4,1.9,1.3,2009-02-07,1555,Aqua,MODIS,100,6.2,300.3,55.5,N,0
-36.518,146.8488,328.6,1.9,1.3,2009-02-07,1555,Aqua,MODIS,100,6.2,298.2,52.7,N,0
-36.496,146.8447,319.2,1.9,1.3,2009-02-07,1555,Aqua,MODIS,98,6.2,297.4,28.9,N,0
-36.5064,146.8216,342.2,1.9,1.3,2009-02-07,1555,Aqua,MODIS,100,6.2,302.6,104.3,N,0
-36.5083,146.8431,321.6,1.9,1.3,2009-02-07,1555,Aqua,MODIS,100,6.2,298,33.2,N,0
-36.5186,146.8192,342.6,1.9,1.3,2009-02-07,1555,Aqua,MODIS,100,6.2,302.8,106,N,0
-36.5205,146.8413,333,1.9,1.3,2009-02-07,1555,Aqua,MODIS,100,6.2,298.6,66.8,N,0
-36.5223,146.8623,344,1.9,1.3,2009-02-07,1555,Aqua,MODIS,100,6.2,298.8,113.1,N,0
-36.5046,146.8,347.6,1.9,1.3,2009-02-07,1555,Aqua,MODIS,100,6.2,303.5,129.9,N,0
-36.5308,146.8175,345.8,1.9,1.3,2009-02-07,1555,Aqua,MODIS,100,6.2,300.1,120.9,N,0
-36.5327,146.8392,363.8,1.9,1.3,2009-02-07,1555,Aqua,MODIS,100,6.2,301.7,228.8,N,0
-36.5345,146.86,404.7,1.9,1.3,2009-02-07,1555,Aqua,MODIS,100,6.2,310.9,702,N,0
-36.543,146.8162,342.9,1.9,1.3,2009-02-07,1555,Aqua,MODIS,100,6.2,298.7,108.6,N,0
-36.5448,146.8369,408.9,1.9,1.3,2009-02-07,1555,Aqua,MODIS,100,6.2,314.4,772.5,N,0
-36.5467,146.8574,418.9,1.9,1.3,2009-02-07,1555,Aqua,MODIS,100,6.2,321.1,971.2,N,0
-36.5028,146.7793,337.4,1.9,1.3,2009-02-07,1555,Aqua,MODIS,100,6.2,300.1,84.7,N,0
-36.5009,146.7578,312.5,1.9,1.3,2009-02-07,1555,Aqua,MODIS,85,6.2,297.3,15.2,N,0
-36.4942,146.8233,332.4,1.9,1.3,2009-02-07,1555,Aqua,MODIS,100,6.2,301.2,66.2,N,0
-36.5589,146.8562,435.6,1.9,1.3,2009-02-07,1555,Aqua,MODIS,100,6.2,310.4,1367.7,N,0
-36.5572,146.8366,379.1,1.9,1.3,2009-02-07,1555,Aqua,MODIS,100,6.2,301.8,366,N,0
-36.4924,146.8018,333.7,1.9,1.3,2009-02-07,1555,Aqua,MODIS,100,6.2,301.9,70.5,N,0
-36.4906,146.7807,336.1,1.9,1.3,2009-02-07,1555,Aqua,MODIS,100,6.2,302.4,79.4,N,0
-36.4887,146.759,333.2,1.9,1.3,2009-02-07,1555,Aqua,MODIS,100,6.2,300.1,69,N,0
-36.5058,146.8504,315.7,1.9,1.3,2009-02-07,1555,Aqua,MODIS,92,6.2,297,21,N,0
-37.3989,145.8912,324.9,1.7,1.3,2009-02-07,1555,Aqua,MODIS,57,6.2,282.8,38.4,N,0
-37.436,145.3376,338.5,1.6,1.2,2009-02-07,1555,Aqua,MODIS,100,6.2,285.1,75.6,N,0
-36.4593,146.746,353.6,1.9,1.3,2009-02-07,1555,Aqua,MODIS,100,6.2,303.2,161.2,N,0
-36.4573,146.7244,325.4,1.9,1.3,2009-02-07,1555,Aqua,MODIS,100,6.2,298.2,44.2,N,0
-36.447,146.7464,363,1.9,1.3,2009-02-07,1555,Aqua,MODIS,100,6.2,304.1,221.8,N,0
-37.4341,145.3191,334.2,1.6,1.2,2009-02-07,1555,Aqua,MODIS,72,6.2,282.4,61.4,N,0
-37.4323,145.3012,328.9,1.6,1.2,2009-02-07,1555,Aqua,MODIS,53,6.2,280.6,50.4,N,0
-36.4452,146.7255,350.3,1.9,1.3,2009-02-07,1555,Aqua,MODIS,100,6.2,302.1,141,N,0
-36.4435,146.7074,333.5,1.9,1.3,2009-02-07,1555,Aqua,MODIS,100,6.2,299.4,71,N,0
-36.4348,146.7475,378.3,1.9,1.3,2009-02-07,1555,Aqua,MODIS,100,6.2,305.6,352.4,N,0
-36.433,146.727,363.4,1.9,1.3,2009-02-07,1555,Aqua,MODIS,100,6.2,303.7,221.6,N,0
-36.4314,146.7088,342.2,1.9,1.3,2009-02-07,1555,Aqua,MODIS,100,6.2,300.9,104.3,N,0
-36.4227,146.7492,360,1.9,1.3,2009-02-07,1555,Aqua,MODIS,100,6.2,300.8,204.8,N,0
-36.4209,146.7287,379,1.9,1.3,2009-02-07,1555,Aqua,MODIS,100,6.2,304.5,356.1,N,0
-36.4192,146.7095,350.9,1.9,1.3,2009-02-07,1555,Aqua,MODIS,100,6.2,301.6,146.6,N,0
-36.4175,146.6898,341.8,1.8,1.3,2009-02-07,1555,Aqua,MODIS,100,6.2,298.1,103.7,N,0
-36.4087,146.7297,312.3,1.9,1.3,2009-02-07,1555,Aqua,MODIS,23,6.2,295.5,17.5,N,0
-36.407,146.7102,325.7,1.9,1.3,2009-02-07,1555,Aqua,MODIS,100,6.2,297.2,48.9,N,0
-37.4229,145.3209,324.4,1.6,1.2,2009-02-07,1555,Aqua,MODIS,28,6.2,281.2,37.8,N,0
-36.4053,146.6906,308,1.8,1.3,2009-02-07,1555,Aqua,MODIS,38,6.2,295,10.8,N,0
-36.4163,146.7341,339,1.9,1.3,2009-02-07,1555,Aqua,MODIS,100,6.2,299.3,93.5,N,0
-36.4145,146.7142,345.1,1.9,1.3,2009-02-07,1555,Aqua,MODIS,100,6.2,300.7,119.5,N,0
-37.4783,145.8917,326.3,1.7,1.3,2009-02-07,1555,Aqua,MODIS,0,6.2,286,44.5,N,0
-37.4668,145.8944,334.6,1.7,1.3,2009-02-07,1555,Aqua,MODIS,90,6.2,288.2,65.5,N,0
-37.4552,145.8967,337.9,1.7,1.3,2009-02-07,1555,Aqua,MODIS,100,6.2,289.3,74.7,N,0
-37.4533,145.8759,323,1.7,1.3,2009-02-07,1555,Aqua,MODIS,48,6.2,286.2,32.2,N,0
-37.4436,145.8985,368.8,1.7,1.3,2009-02-07,1555,Aqua,MODIS,100,6.2,293,234.7,N,0
-37.4417,145.8779,359,1.7,1.3,2009-02-07,1555,Aqua,MODIS,100,6.2,287.9,167.7,N,0
-37.44,145.8595,321.5,1.7,1.3,2009-02-07,1555,Aqua,MODIS,100,6.2,280.2,27.9,N,0
-37.4319,145.9003,365.5,1.7,1.3,2009-02-07,1555,Aqua,MODIS,100,6.2,293.6,211.2,N,0
-37.4301,145.8805,374.8,1.7,1.3,2009-02-07,1555,Aqua,MODIS,100,6.2,298,277.3,N,0
-37.4284,145.8617,346.3,1.7,1.3,2009-02-07,1555,Aqua,MODIS,100,6.2,287.3,105.5,N,0
-37.4203,145.9017,356.8,1.7,1.3,2009-02-07,1555,Aqua,MODIS,100,6.2,290.3,159.4,N,0
-37.4186,145.883,446.5,1.7,1.3,2009-02-07,1555,Aqua,MODIS,100,6.2,302.6,1438.5,N,0
-37.4168,145.8637,366.7,1.7,1.3,2009-02-07,1555,Aqua,MODIS,100,6.2,289.4,216.3,N,0
-37.415,145.8442,335.2,1.7,1.3,2009-02-07,1555,Aqua,MODIS,100,6.2,284,63.9,N,0
-36.4127,146.6947,348,1.8,1.3,2009-02-07,1555,Aqua,MODIS,100,6.2,298.8,133.4,N,0
-36.4024,146.7155,310.5,1.9,1.3,2009-02-07,1555,Aqua,MODIS,80,6.2,295.5,18,N,0
-36.4006,146.6962,306.2,1.8,1.3,2009-02-07,1555,Aqua,MODIS,46,6.2,294.9,9.9,N,0
-37.4086,145.9037,331.7,1.7,1.3,2009-02-07,1555,Aqua,MODIS,57,6.2,281.9,59.2,N,0
-37.407,145.885,344.5,1.7,1.3,2009-02-07,1555,Aqua,MODIS,85,6.2,285.1,101.6,N,0
-37.4053,145.8662,336.2,1.7,1.3,2009-02-07,1555,Aqua,MODIS,100,6.2,286.5,67.8,N,0
-37.4035,145.8467,332.3,1.7,1.3,2009-02-07,1555,Aqua,MODIS,96,6.2,289.3,55.6,N,0
-37.3954,145.8537,328.3,1.7,1.3,2009-02-07,1555,Aqua,MODIS,0,6.2,288.3,47.3,N,0
-37.4188,145.6339,317.2,1.6,1.3,2009-02-07,1555,Aqua,MODIS,38,6.2,284.9,30.9,N,0
-37.4171,145.6159,316.1,1.6,1.3,2009-02-07,1555,Aqua,MODIS,38,6.2,278.1,26.8,N,0
-37.4074,145.6361,330.3,1.6,1.3,2009-02-07,1555,Aqua,MODIS,100,6.2,287.7,60.5,N,0
-37.4057,145.6179,329.2,1.6,1.3,2009-02-07,1555,Aqua,MODIS,100,6.2,279.7,54.3,N,0
-37.396,145.6389,330.8,1.6,1.3,2009-02-07,1555,Aqua,MODIS,97,6.2,287.8,61.9,N,0
-37.3546,145.2038,320,1.5,1.2,2009-02-07,1555,Aqua,MODIS,0,6.2,284.3,27.8,N,0
-37.3528,145.186,323.9,1.5,1.2,2009-02-07,1555,Aqua,MODIS,0,6.2,289.4,32.9,N,0
-37.3524,145.1912,325,1.5,1.2,2009-02-07,1555,Aqua,MODIS,0,6.2,289.1,35.4,N,0
-37.324,145.3595,328.9,1.6,1.2,2009-02-07,1555,Aqua,MODIS,43,6.2,286.3,49.1,N,0
-37.3093,145.3263,326.4,1.6,1.2,2009-02-07,1555,Aqua,MODIS,0,6.2,286.2,38.9,N,0
-37.3076,145.3082,323.8,1.6,1.2,2009-02-07,1555,Aqua,MODIS,0,6.2,284.7,32.8,N,0
-37.3847,145.6419,320.2,1.6,1.3,2009-02-07,1555,Aqua,MODIS,0,6.2,283.2,36.2,N,0
-37.3828,145.6216,326.2,1.6,1.3,2009-02-07,1555,Aqua,MODIS,86,6.2,281.1,48.9,N,0
-37.3811,145.6033,322.4,1.6,1.3,2009-02-07,1555,Aqua,MODIS,56,6.2,284.8,41.6,N,0
-37.3983,145.6438,326.8,1.6,1.3,2009-02-07,1555,Aqua,MODIS,67,6.2,286.8,51.8,N,0
-37.3963,145.6244,322.6,1.6,1.3,2009-02-07,1555,Aqua,MODIS,77,6.2,282.1,40.1,N,0
-37.3849,145.6264,324.9,1.6,1.3,2009-02-07,1555,Aqua,MODIS,63,6.2,282,45.5,N,0
-37.3831,145.608,317.9,1.6,1.3,2009-02-07,1555,Aqua,MODIS,41,6.2,278.9,31.9,N,0
-37.3736,145.6288,324.5,1.6,1.3,2009-02-07,1555,Aqua,MODIS,57,6.2,282.5,45.9,N,0
-37.3716,145.6092,337.8,1.6,1.3,2009-02-07,1555,Aqua,MODIS,99,6.2,291.1,81.2,N,0
-37.3699,145.5913,321.7,1.6,1.3,2009-02-07,1555,Aqua,MODIS,32,6.2,286.6,41.4,N,0
-37.3622,145.6315,322.2,1.6,1.3,2009-02-07,1555,Aqua,MODIS,0,6.2,283.9,42.3,N,0
-37.3602,145.6111,319.8,1.6,1.3,2009-02-07,1555,Aqua,MODIS,39,6.2,280.6,38.1,N,0
-37.4239,145.9057,356.2,1.7,1.3,2009-02-07,1555,Aqua,MODIS,94,6.2,290.1,158,N,0
-37.4222,145.8874,437.8,1.7,1.3,2009-02-07,1555,Aqua,MODIS,100,6.2,304,1219,N,0
-37.4203,145.868,398.1,1.7,1.3,2009-02-07,1555,Aqua,MODIS,100,6.2,293,511.2,N,0
-37.4184,145.8487,337.3,1.7,1.3,2009-02-07,1555,Aqua,MODIS,100,6.2,286.1,71.5,N,0
-37.4123,145.9078,335.3,1.7,1.3,2009-02-07,1555,Aqua,MODIS,64,6.2,284.2,69.5,N,0
-37.4106,145.8894,352,1.7,1.3,2009-02-07,1555,Aqua,MODIS,100,6.2,286.7,133.8,N,0
-37.3934,145.833,323.5,1.7,1.3,2009-02-07,1555,Aqua,MODIS,0,6.2,282.9,35.1,N,0
-36.465,146.8095,333.3,1.9,1.3,2009-02-07,1555,Aqua,MODIS,100,6.2,298.8,69.7,N,0
-36.463,146.7875,381.3,1.9,1.3,2009-02-07,1555,Aqua,MODIS,100,6.2,307.6,384.2,N,0
-36.4612,146.7675,382.7,1.9,1.3,2009-02-07,1555,Aqua,MODIS,100,6.2,308.7,397.5,N,0
-36.4508,146.789,313.4,1.9,1.3,2009-02-07,1555,Aqua,MODIS,74,6.2,296.2,17.8,N,0
-37.4087,145.8703,342.4,1.7,1.3,2009-02-07,1555,Aqua,MODIS,81,6.2,286.9,92.1,N,0
-36.4489,146.7679,338.9,1.9,1.3,2009-02-07,1555,Aqua,MODIS,100,6.2,299.5,91.9,N,0
-36.4367,146.7689,321.1,1.9,1.3,2009-02-07,1555,Aqua,MODIS,100,6.2,295.9,35.1,N,0
-36.4183,146.7553,312.3,1.9,1.3,2009-02-07,1555,Aqua,MODIS,61,6.2,294.9,18.7,N,0
-36.4715,146.7458,351,1.9,1.3,2009-02-07,1555,Aqua,MODIS,100,6.2,301.3,147.7,N,0
-36.4734,146.7667,365,1.9,1.3,2009-02-07,1555,Aqua,MODIS,100,6.2,306.2,237.5,N,0
-37.3527,145.6533,335.6,1.6,1.3,2009-02-07,1555,Aqua,MODIS,71,6.2,279.7,72.6,N,0
-37.345,145.6938,324.2,1.6,1.3,2009-02-07,1555,Aqua,MODIS,0,6.2,283.8,33.9,N,0
-37.3413,145.6555,331.8,1.6,1.3,2009-02-07,1555,Aqua,MODIS,55,6.2,283.1,61.5,N,0
-37.3334,145.6953,332,1.6,1.3,2009-02-07,1555,Aqua,MODIS,100,6.2,288.4,57.3,N,0
-36.4753,146.7877,380,1.9,1.3,2009-02-07,1555,Aqua,MODIS,100,6.2,309.1,370.8,N,0
-36.4773,146.8095,400.1,1.9,1.3,2009-02-07,1555,Aqua,MODIS,100,6.2,310.7,626.1,N,0
-36.4794,146.8323,355.3,1.9,1.3,2009-02-07,1555,Aqua,MODIS,100,6.2,301,173.6,N,0
-36.4838,146.7452,326.2,1.9,1.3,2009-02-07,1555,Aqua,MODIS,100,6.2,298.4,47.1,N,0
-36.4858,146.7666,343.6,1.9,1.3,2009-02-07,1555,Aqua,MODIS,100,6.2,301.8,110.7,N,0
-36.4877,146.788,342.7,1.9,1.3,2009-02-07,1555,Aqua,MODIS,100,6.2,302.3,106.1,N,0
-36.4896,146.809,357.1,1.9,1.3,2009-02-07,1555,Aqua,MODIS,100,6.2,303,183.9,N,0
-36.4916,146.8309,352.3,1.9,1.3,2009-02-07,1555,Aqua,MODIS,100,6.2,301,155.8,N,0
-36.4935,146.8521,312.2,1.9,1.3,2009-02-07,1555,Aqua,MODIS,27,6.2,296.5,12.6,N,0
-36.4979,146.765,328.4,1.9,1.3,2009-02-07,1555,Aqua,MODIS,100,6.2,299,53.4,N,0
-37.3972,145.8727,322.6,1.7,1.3,2009-02-07,1555,Aqua,MODIS,11,6.2,284.9,31.9,N,0
-36.5,146.787,336.9,1.9,1.3,2009-02-07,1555,Aqua,MODIS,100,6.2,301.4,82.6,N,0
-36.5019,146.8079,346,1.9,1.3,2009-02-07,1555,Aqua,MODIS,100,6.2,303.7,122.2,N,0
-36.5038,146.8294,330.1,1.9,1.3,2009-02-07,1555,Aqua,MODIS,100,6.2,299.8,58.2,N,0
-37.2911,145.2569,329.3,1.6,1.2,2009-02-07,1555,Aqua,MODIS,0,6.2,285.3,43.8,N,0
-37.3201,145.6777,328.4,1.6,1.3,2009-02-07,1555,Aqua,MODIS,64,6.2,292.4,50.9,N,0
-37.2669,147.2861,311.3,2.1,1.4,2009-02-07,1555,Aqua,MODIS,35,6.2,285.1,36.7,N,0
-36.5894,146.9192,327,1.9,1.4,2009-02-07,1555,Aqua,MODIS,75,6.2,285.5,54.3,N,0
-36.5808,146.9623,323.4,1.9,1.4,2009-02-07,1555,Aqua,MODIS,55,6.2,294.1,48.1,N,0
-36.579,146.9421,325.1,1.9,1.4,2009-02-07,1555,Aqua,MODIS,23,6.2,292.8,48.8,N,0
-36.5771,146.9211,348.1,1.9,1.4,2009-02-07,1555,Aqua,MODIS,100,6.2,288.4,140.5,N,0
-36.5752,146.8994,364.5,1.9,1.3,2009-02-07,1555,Aqua,MODIS,100,6.2,292.7,241.4,N,0
-36.5733,146.8779,350.1,1.9,1.3,2009-02-07,1555,Aqua,MODIS,100,6.2,293.5,145.2,N,0
-36.5667,146.9438,322.4,1.9,1.4,2009-02-07,1555,Aqua,MODIS,0,6.2,294.8,38.3,N,0
-36.5648,146.9222,356.7,1.9,1.4,2009-02-07,1555,Aqua,MODIS,100,6.2,294.3,188.8,N,0
-36.5628,146.9001,466.8,1.9,1.3,2009-02-07,1555,Aqua,MODIS,100,6.2,322,2441.9,N,0
-36.5609,146.8785,455.8,1.9,1.3,2009-02-07,1555,Aqua,MODIS,100,6.2,316.9,2007,N,0
-36.5522,146.9213,335.5,1.9,1.4,2009-02-07,1555,Aqua,MODIS,100,6.2,296.6,80.4,N,0
-36.5505,146.9012,396.7,1.9,1.3,2009-02-07,1555,Aqua,MODIS,100,6.2,307.4,585.9,N,0
-36.5486,146.8802,423.7,1.9,1.3,2009-02-07,1555,Aqua,MODIS,100,6.2,319.9,1080.5,N,0
-36.5398,146.9216,316.7,1.9,1.4,2009-02-07,1555,Aqua,MODIS,65,6.2,296.4,21.5,N,0
-36.5381,146.902,332.7,1.9,1.3,2009-02-07,1555,Aqua,MODIS,97,6.2,297.6,70,N,0
-36.5364,146.8815,379.4,1.9,1.3,2009-02-07,1555,Aqua,MODIS,100,6.2,306.3,371.3,N,0
-36.5241,146.8835,325.9,1.9,1.3,2009-02-07,1555,Aqua,MODIS,57,6.2,296.5,49.3,N,0
-36.5218,146.8904,313.5,1.9,1.3,2009-02-07,1555,Aqua,MODIS,12,6.2,296,15.8,N,0
-36.5199,146.8698,321,1.9,1.3,2009-02-07,1555,Aqua,MODIS,77,6.2,296.9,33.4,N,0
-36.5926,146.9135,320.9,1.9,1.4,2009-02-07,1555,Aqua,MODIS,59,6.2,286,37.8,N,0
-36.5909,146.8925,318.3,1.9,1.3,2009-02-07,1555,Aqua,MODIS,77,6.2,291.2,27.9,N,0
-36.5875,146.8982,327.7,1.9,1.3,2009-02-07,1555,Aqua,MODIS,100,6.2,289.1,52.6,N,0
-36.5856,146.8769,320.5,1.9,1.3,2009-02-07,1555,Aqua,MODIS,100,6.2,293.2,31.3,N,0
-36.5837,146.8556,311.4,1.9,1.3,2009-02-07,1555,Aqua,MODIS,72,6.2,295.3,11.4,N,0
-37.4166,145.7344,320.6,1.7,1.3,2009-02-07,1555,Aqua,MODIS,0,6.2,292.9,30.9,N,0
-37.3846,145.7422,327.5,1.7,1.3,2009-02-07,1555,Aqua,MODIS,0,6.2,295.1,44.9,N,0
-37.3732,145.7447,333.7,1.7,1.3,2009-02-07,1555,Aqua,MODIS,0,6.2,295.4,61.4,N,0
-37.3714,145.7262,323.7,1.7,1.3,2009-02-07,1555,Aqua,MODIS,0,6.2,294.1,38.1,N,0
-37.3617,145.7467,329.5,1.7,1.3,2009-02-07,1555,Aqua,MODIS,0,6.2,295,49.7,N,0
-37.3599,145.728,331,1.7,1.3,2009-02-07,1555,Aqua,MODIS,0,6.2,295.4,54.5,N,0
-37.3583,145.711,322.1,1.7,1.3,2009-02-07,1555,Aqua,MODIS,0,6.2,290.4,30.6,N,0
-36.5553,146.8147,317.2,1.9,1.3,2009-02-07,1555,Aqua,MODIS,95,6.2,297.7,22.6,N,0
-36.5289,146.7958,314.5,1.9,1.3,2009-02-07,1555,Aqua,MODIS,86,6.2,297.3,17.6,N,0
-36.5166,146.7965,345.8,1.9,1.3,2009-02-07,1555,Aqua,MODIS,100,6.2,302.3,121.5,N,0
-36.5149,146.7774,311,1.9,1.3,2009-02-07,1555,Aqua,MODIS,48,6.2,297.3,11.9,N,0
-36.5139,146.8047,347.4,1.9,1.3,2009-02-07,1555,Aqua,MODIS,100,6.2,304.5,129.1,N,0
-36.5121,146.7847,328.3,1.9,1.3,2009-02-07,1555,Aqua,MODIS,100,6.2,299.5,53.4,N,0
-36.5102,146.7644,314,1.9,1.3,2009-02-07,1555,Aqua,MODIS,88,6.2,297.1,18.5,N,0
-37.4069,145.8511,338.2,1.7,1.3,2009-02-07,1555,Aqua,MODIS,100,6.2,289.9,74.8,N,0
-37.3502,145.7494,326.5,1.7,1.3,2009-02-07,1555,Aqua,MODIS,67,6.2,292.2,42.4,N,0
-37.3485,145.7308,325.7,1.7,1.3,2009-02-07,1555,Aqua,MODIS,0,6.2,294.8,38.6,N,0
-37.3468,145.7128,328.7,1.7,1.3,2009-02-07,1555,Aqua,MODIS,0,6.2,293.4,45.2,N,0
-37.337,145.7331,322.6,1.7,1.3,2009-02-07,1555,Aqua,MODIS,100,6.2,293.8,35.5,N,0
-37.3353,145.7146,328.9,1.7,1.3,2009-02-07,1555,Aqua,MODIS,85,6.2,294.1,48.6,N,0
-37.5219,145.8998,335.4,1.7,1.3,2009-02-07,1555,Aqua,MODIS,54,6.2,280,71.7,N,0
-37.5102,145.9014,327.4,1.7,1.3,2009-02-07,1555,Aqua,MODIS,0,6.2,280.9,46.5,N,0
-37.5155,145.9093,332.7,1.7,1.3,2009-02-07,1555,Aqua,MODIS,11,6.2,283.3,62.5,N,0
-37.5133,145.887,335.4,1.7,1.3,2009-02-07,1555,Aqua,MODIS,67,6.2,280.5,71.2,N,0
-37.5037,145.9097,320.5,1.7,1.3,2009-02-07,1555,Aqua,MODIS,37,6.2,274,32.6,N,0
-37.4007,145.9093,323.1,1.7,1.3,2009-02-07,1555,Aqua,MODIS,39,6.2,278,35.6,N,0
-37.6135,145.9066,326.4,1.7,1.3,2009-02-07,1555,Aqua,MODIS,42,6.2,290.4,49.9,N,0
-37.3751,145.7644,337.8,1.7,1.3,2009-02-07,1555,Aqua,MODIS,78,6.2,289,75.4,N,0
-37.3866,145.7625,342.3,1.7,1.3,2009-02-07,1555,Aqua,MODIS,96,6.2,293.3,90.6,N,0
-37.3883,145.7805,323.7,1.7,1.3,2009-02-07,1555,Aqua,MODIS,0,6.2,284,35.6,N,0
-37.3999,145.7787,322.4,1.7,1.3,2009-02-07,1555,Aqua,MODIS,0,6.2,285.4,29.7,N,0
-37.4113,145.7756,326.8,1.7,1.3,2009-02-07,1555,Aqua,MODIS,62,6.2,286.4,40.1,N,0
-37.413,145.7929,320.9,1.7,1.3,2009-02-07,1555,Aqua,MODIS,94,6.2,282.8,24.9,N,0
-37.3951,145.755,320.8,1.7,1.3,2009-02-07,1555,Aqua,MODIS,0,6.2,289.8,27.4,N,0
-37.3969,145.7746,324.5,1.7,1.3,2009-02-07,1555,Aqua,MODIS,0,6.2,286.3,34.3,N,0
-37.3984,145.7908,322.3,1.7,1.3,2009-02-07,1555,Aqua,MODIS,100,6.2,282.9,28.4,N,0
-37.41,145.7893,322.9,1.7,1.3,2009-02-07,1555,Aqua,MODIS,0,6.2,285.8,31.1,N,0
-37.1916,147.1513,314.2,2,1.4,2009-02-07,1555,Aqua,MODIS,35,6.2,293.3,24.2,N,0
-37.4804,145.9138,332.3,1.7,1.3,2009-02-07,1555,Aqua,MODIS,53,6.2,284.5,61.6,N,0
-37.4687,145.9147,333.2,1.7,1.3,2009-02-07,1555,Aqua,MODIS,49,6.2,289.4,65.3,N,0
-37.4589,145.9364,334.5,1.7,1.3,2009-02-07,1555,Aqua,MODIS,22,6.2,286.2,74,N,0
-37.4569,145.9153,372.8,1.7,1.3,2009-02-07,1555,Aqua,MODIS,100,6.2,292.8,269.3,N,0
-37.4471,145.9367,352.8,1.7,1.3,2009-02-07,1555,Aqua,MODIS,100,6.2,284.9,145.7,N,0
-37.4452,145.9165,368.1,1.7,1.3,2009-02-07,1555,Aqua,MODIS,100,6.2,293.7,234.5,N,0
-37.4376,145.9623,313.8,1.7,1.3,2009-02-07,1555,Aqua,MODIS,20,6.2,271.7,26.4,N,0
-19.7937,121.2484,306.3,1.1,1,2009-02-07,1729,Aqua,MODIS,39,6.2,295.3,4.6,N,0
-19.7951,121.2586,326.5,1.1,1,2009-02-07,1729,Aqua,MODIS,100,6.2,296,24.3,N,0
-32.7497,150.5887,328.7,2.1,1.4,2009-02-07,2337,Terra,MODIS,75,6.2,303.3,56.7,D,0
-33.3302,151.268,319.9,1.9,1.3,2009-02-07,2337,Terra,MODIS,49,6.2,302.3,24.4,D,0
-36.5569,146.8748,340.1,2.9,1.6,2009-02-07,2338,Terra,MODIS,67,6.2,306,128.7,D,0
-36.564,146.9049,361.2,2.9,1.6,2009-02-07,2338,Terra,MODIS,100,6.2,303.9,350.8,D,0
-36.5712,146.9359,337.3,2.9,1.6,2009-02-07,2338,Terra,MODIS,87,6.2,303.1,127.9,D,0
-36.6061,146.8817,327.2,2.9,1.6,2009-02-07,2338,Terra,MODIS,61,6.2,303,74.1,D,0
-36.5931,146.9642,341.5,2.8,1.6,2009-02-07,2338,Terra,MODIS,90,6.2,300.1,165,D,0
-36.5855,146.9311,336.8,2.9,1.6,2009-02-07,2338,Terra,MODIS,86,6.2,301.7,118.3,D,0
-36.5779,146.8985,333.9,2.9,1.6,2009-02-07,2338,Terra,MODIS,53,6.2,304,84.8,D,0
-36.5789,146.9692,344.1,2.8,1.6,2009-02-07,2338,Terra,MODIS,91,6.2,303.6,188.7,D,0
-37.136,147.1366,320.7,2.7,1.6,2009-02-07,2338,Terra,MODIS,50,6.2,297.9,48,D,0
-36.5996,146.9199,337.9,2.9,1.6,2009-02-07,2338,Terra,MODIS,87,6.2,303.1,142.2,D,0
-36.4772,146.8002,387.6,2.9,1.6,2009-02-07,2338,Terra,MODIS,100,6.2,304.3,822.1,D,0
-36.4767,146.7322,329.9,3,1.6,2009-02-07,2338,Terra,MODIS,37,6.2,303,58.4,D,0
-36.4635,146.808,354.3,2.9,1.6,2009-02-07,2338,Terra,MODIS,97,6.2,301.9,283.2,D,0
-36.5931,146.9574,340.3,2.8,1.6,2009-02-07,2338,Terra,MODIS,89,6.2,299.7,155.2,D,0
-37.2408,147.1831,329.4,2.7,1.6,2009-02-07,2338,Terra,MODIS,52,6.2,297.5,75.3,D,0
-36.5419,146.8101,345.9,2.9,1.6,2009-02-07,2338,Terra,MODIS,92,6.2,304.7,175.7,D,0
-36.5851,146.9237,334.8,2.9,1.6,2009-02-07,2338,Terra,MODIS,66,6.2,302.1,104.3,D,0
-36.5775,146.8918,331.5,2.9,1.6,2009-02-07,2338,Terra,MODIS,34,6.2,304.3,77,D,0
-36.5789,146.9622,347.2,2.8,1.6,2009-02-07,2338,Terra,MODIS,93,6.2,303.7,213.8,D,0
-36.47,146.7698,340.4,2.9,1.6,2009-02-07,2338,Terra,MODIS,66,6.2,303.6,136.8,D,0
-36.5635,146.898,358.3,2.9,1.6,2009-02-07,2338,Terra,MODIS,99,6.2,304.2,317,D,0
-37.2332,147.1507,331.1,2.7,1.6,2009-02-07,2338,Terra,MODIS,62,6.2,298,90.2,D,0
-37.22,147.1582,337.3,2.7,1.6,2009-02-07,2338,Terra,MODIS,86,6.2,299.1,123.2,D,0
-36.5564,146.8683,334.6,2.9,1.6,2009-02-07,2338,Terra,MODIS,23,6.2,306,94.9,D,0
-36.6139,146.9152,344.5,2.9,1.6,2009-02-07,2338,Terra,MODIS,92,6.2,301.3,197.8,D,0
-36.0953,149.6882,341.4,2,1.4,2009-02-07,2338,Terra,MODIS,88,6.2,306.3,92.9,D,0
-36.091,149.668,359.5,2,1.4,2009-02-07,2338,Terra,MODIS,99,6.2,308.2,202,D,0
